student_id,course_id,total_time_spent,total_events,avg_time_per_event,active_days,access_frequency,avg_quiz_score,quiz_attempt_count,quiz_score_std,avg_quiz_time,avg_assignment_score,late_submission_ratio,assignment_count,final_grade,status,low_engagement_flag,high_time_low_score_flag
S001,C01,58346,120,486.21666666666664,73,1.643835616438356,5.841287741619578,63,1.9242828163402932,480.015873015873,9.519148001465938,0.5,2.0,7.063569623136893,PASS,0,0
S001,C02,58801,120,490.0083333333333,73,1.643835616438356,6.400950267260584,30,2.183226796542747,519.7333333333333,6.093023003356579,0.3333333333333333,3.0,8.209985010939558,PASS,0,0
S001,C03,54588,120,454.9,76,1.5789473684210527,6.5795504044815205,46,2.10011221339386,490.60869565217394,6.445993408754347,0.0,2.0,8.689203177601946,PASS,0,0
S001,C05,58241,120,485.34166666666664,69,1.7391304347826086,6.5093698944420995,63,1.8618001751295516,491.6825396825397,6.7958493492255725,0.5,2.0,8.791399382565771,PASS,0,0
S002,C02,15126,30,504.2,28,1.0714285714285714,7.406968627541564,10,2.006650290050147,588.6,6.2579162635384735,0.75,4.0,6.929274432197788,PASS,0,0
S002,C03,54972,120,458.1,80,1.5,6.911469180922402,47,2.081802525975821,458.48936170212767,8.245222992535737,0.0,1.0,6.155198029467842,PASS,0,0
S002,C05,54233,120,451.94166666666666,80,1.5,6.5226017826127975,63,1.9257484401036684,420.22222222222223,4.772001134837138,0.0,1.0,7.10251725061801,PASS,0,0
S002,C06,33162,70,473.74285714285713,53,1.320754716981132,6.552362037876819,20,1.814469272089563,514.15,8.822944172384998,0.5,2.0,8.890131388170117,PASS,0,0
S003,C01,56705,120,472.5416666666667,80,1.5,6.8194810228567375,76,2.0699156252647484,479.0921052631579,7.030672785745276,0.0,2.0,7.037078888269882,PASS,0,0
S003,C02,31209,70,445.84285714285716,51,1.3725490196078431,7.088595007003571,20,1.6754927372358874,393.6,6.485067520559542,0.0,3.0,7.154439665411254,PASS,0,0
S003,C03,14113,30,470.43333333333334,26,1.1538461538461537,6.493392851326138,11,1.5400433713958395,547.8181818181819,5.402968802433701,0.0,2.0,4.062464947265995,FAIL,0,0
S003,C05,53696,120,447.46666666666664,77,1.5584415584415585,6.095375854685109,64,1.9233302033716397,443.0625,8.903418929310245,0.0,1.0,5.185154954226345,PASS,0,0
S004,C01,55534,120,462.78333333333336,75,1.6,6.371573948148488,64,1.8881518447435692,439.171875,7.827817416582433,1.0,1.0,8.250745277577467,PASS,0,0
S004,C02,52142,120,434.51666666666665,74,1.6216216216216217,6.050851190653439,30,1.7567295543876746,444.56666666666666,6.296192407848518,0.2,5.0,7.578109693234131,PASS,0,0
S004,C05,54139,120,451.15833333333336,76,1.5789473684210527,6.849198835973558,77,1.9849331277954692,425.14285714285717,5.018816315904779,1.0,1.0,7.051631191637075,PASS,0,0
S004,C06,25532,70,364.74285714285713,56,1.25,6.41377287120336,22,1.8709259242786842,373.90909090909093,5.88348941196687,0.0,2.0,4.930527082785717,FAIL,0,0
S005,C01,33215,70,474.5,47,1.4893617021276595,6.578184878901584,38,2.183071039846498,447.8421052631579,6.71374229709783,0.5,2.0,7.709756867149167,PASS,0,0
S005,C03,52824,120,440.2,76,1.5789473684210527,6.232092204332719,57,2.174623120262222,424.2456140350877,7.09918022039305,1.0,2.0,6.912404379222928,PASS,0,0
S005,C05,14613,30,487.1,27,1.1111111111111112,5.869878008638414,17,1.8410482909876162,485.8235294117647,7.700254714754021,0.5,2.0,8.723081420659526,PASS,0,0
S005,C06,33595,70,479.92857142857144,53,1.320754716981132,6.296064488886947,19,2.1309610581766667,486.4736842105263,8.014689844479442,0.5,2.0,7.535091488214618,PASS,0,0
S006,C01,30629,70,437.5571428571429,51,1.3725490196078431,6.729264838219236,45,2.0190561945692815,442.22222222222223,4.856424774981872,0.5,2.0,4.197634474888418,FAIL,0,0
S006,C02,54545,120,454.5416666666667,74,1.6216216216216217,6.852838107729595,29,2.1407712278387816,450.3448275862069,7.709159286633434,0.2,5.0,8.078033439646495,PASS,0,0
S006,C03,52008,120,433.4,74,1.6216216216216217,6.661587187441098,49,1.9686802979089733,425.81632653061223,5.303848781810574,0.0,2.0,5.319800785794138,PASS,0,0
S006,C04,14274,30,475.8,26,1.1538461538461537,9.050620533552824,3,1.1715524028000819,348.3333333333333,5.022244661992023,0.6666666666666666,3.0,7.069636709597432,PASS,0,0
S007,C01,54035,120,450.2916666666667,74,1.6216216216216217,6.117035912782906,75,2.013552163455423,435.76,9.240072478693532,0.0,1.0,5.0064395050075525,PASS,0,0
S007,C02,57763,120,481.35833333333335,79,1.518987341772152,6.284332586928727,33,2.1058850408806813,521.060606060606,5.432657535024482,0.0,3.0,4.105470139316067,FAIL,0,0
S007,C04,16829,30,560.9666666666667,25,1.2,6.96974066107629,1,0.0,336.0,6.434183372407252,0.0,3.0,5.384164303701878,PASS,0,0
S007,C05,32349,70,462.12857142857143,55,1.2727272727272727,6.501694729127426,45,1.8988278458810401,465.8,8.391578081532895,0.0,2.0,8.749097748090655,PASS,0,0
S008,C01,13518,30,450.6,27,1.1111111111111112,6.134204608517292,19,2.0906314448097274,466.7368421052632,6.599329261434511,1.0,1.0,5.47243120687503,PASS,0,0
S008,C02,53766,120,448.05,77,1.5584415584415585,6.802188455148454,36,2.2698818895765087,431.25,6.803316354421375,0.2,5.0,5.190558757960218,PASS,0,0
S008,C04,37339,70,533.4142857142857,57,1.2280701754385965,7.430177805296545,10,1.3551633853662537,546.9,8.711685518849182,0.5,2.0,8.425746240038057,PASS,0,0
S008,C06,15181,30,506.03333333333336,29,1.0344827586206897,6.744990930927274,10,2.1636876692212397,477.7,8.284161835220223,0.0,1.0,6.84603412162074,PASS,0,0
S009,C01,35264,70,503.77142857142854,55,1.2727272727272727,6.823189398306729,45,1.837548562308853,512.6666666666666,5.859569418805078,0.5,2.0,8.192382627878477,PASS,0,0
S009,C02,55417,120,461.80833333333334,78,1.5384615384615385,6.486117300443282,26,2.1992074838257105,551.1923076923077,7.20935278281812,0.4,5.0,5.462011585699673,PASS,0,0
S009,C03,34811,70,497.3,57,1.2280701754385965,5.727838418880812,26,1.8686271873194147,523.8076923076923,5.5460231774724456,0.5,2.0,4.819124700123501,FAIL,0,0
S009,C04,54878,120,457.31666666666666,80,1.5,6.198088897341599,24,2.197358636872723,468.0833333333333,5.9438887569661665,0.3333333333333333,3.0,6.172762982325,PASS,0,0
S010,C01,58046,120,483.71666666666664,72,1.6666666666666667,6.504498823024268,67,1.9694752445787742,474.14925373134326,6.556591502032045,0.0,2.0,4.59848563651273,FAIL,0,0
S010,C03,14712,30,490.4,28,1.0714285714285714,7.461140819511226,11,2.4186626396296322,437.27272727272725,7.6753713776140735,0.0,1.0,4.159383064233029,FAIL,0,0
S010,C04,53308,120,444.23333333333335,80,1.5,6.5143607825666585,30,2.0933795485446,496.6666666666667,7.4948207074063005,0.3333333333333333,3.0,5.633543622591081,PASS,0,0
S010,C06,15067,30,502.23333333333335,27,1.1111111111111112,5.189202265389903,6,1.629755729362354,418.1666666666667,8.676923529492404,0.0,2.0,6.567070093180837,PASS,0,0
S011,C01,32116,70,458.8,57,1.2280701754385965,5.851713926723539,37,2.0135880710911684,476.3243243243243,6.660050518038339,0.0,2.0,8.127915844780196,PASS,0,0
S011,C02,12027,30,400.9,27,1.1111111111111112,6.035255644517589,7,1.5022269463363658,495.42857142857144,5.493023255730371,0.25,4.0,4.781041067747966,FAIL,0,0
S011,C05,32880,70,469.7142857142857,56,1.25,6.197941794366891,42,2.0044873008335635,487.6904761904762,8.807012199614253,0.0,1.0,7.777233836798541,PASS,0,0
S011,C06,34132,70,487.6,49,1.4285714285714286,6.408519812258523,17,2.039429093834006,552.9411764705883,7.995949606207903,0.0,2.0,8.625545631667293,PASS,0,0
S012,C01,13967,30,465.56666666666666,28,1.0714285714285714,6.2203117195717565,24,1.9008939286516364,429.7083333333333,7.869053610925047,1.0,2.0,4.550314617925235,FAIL,0,0
S012,C03,55123,120,459.35833333333335,78,1.5384615384615385,6.150450402143969,55,1.9923633050174854,444.94545454545454,7.435384993655049,0.5,2.0,6.240209310593091,PASS,0,0
S012,C04,15189,30,506.3,26,1.1538461538461537,6.397660607367276,6,2.532130404482131,472.8333333333333,6.20924113522555,0.0,2.0,5.8900710013401625,PASS,0,0
S012,C06,12698,30,423.26666666666665,29,1.0344827586206897,5.564127593767877,10,2.0461400747503307,491.7,9.095527573650369,0.0,1.0,4.533314620535078,FAIL,0,0
S013,C01,54745,120,456.2083333333333,74,1.6216216216216217,6.068737109721495,77,2.1315112094169,462.4935064935065,0.0,0.0,0.0,7.835530586338078,PASS,0,0
S013,C02,52562,120,438.01666666666665,78,1.5384615384615385,6.638309986380475,39,2.206212907730211,475.15384615384613,7.840212290359192,0.0,5.0,4.279903178629569,FAIL,0,0
S013,C04,34514,70,493.0571428571429,52,1.3461538461538463,7.058916198137501,20,1.2513743613915826,501.85,7.177621627541952,0.0,3.0,6.019319561924561,PASS,0,0
S013,C06,12376,30,412.53333333333336,26,1.1538461538461537,6.775388273445249,12,1.8816059240480902,490.0833333333333,6.92783933031242,0.5,2.0,6.921650850536661,PASS,0,0
S014,C02,52863,120,440.525,74,1.6216216216216217,6.374951582529252,44,2.0512530597172534,460.52272727272725,7.432319714653902,0.0,4.0,7.339447187585915,PASS,0,0
S014,C03,57448,120,478.73333333333335,73,1.643835616438356,6.115011640695793,49,1.9043807828771488,455.81632653061223,7.032595257204347,0.0,2.0,8.372356181128346,PASS,0,0
S014,C04,34467,70,492.3857142857143,59,1.1864406779661016,6.241125000995437,5,1.2859647419443434,664.6,5.991067304812694,0.3333333333333333,3.0,5.432858749248632,PASS,0,0
S014,C05,53989,120,449.90833333333336,72,1.6666666666666667,6.474362594426857,77,2.0167227055514596,432.94805194805195,9.066076706546967,0.0,2.0,5.832933839099809,PASS,0,0
S015,C01,14694,30,489.8,28,1.0714285714285714,6.3803718756238785,18,1.8257315686379163,475.94444444444446,7.514801542845909,0.0,2.0,6.107467041355493,PASS,0,0
S015,C02,14593,30,486.43333333333334,28,1.0714285714285714,5.649326336806448,8,1.1859207623169497,452.125,6.269133633843342,0.5,4.0,8.51430096391665,PASS,0,0
S015,C03,51351,120,427.925,78,1.5384615384615385,6.420528131786943,57,1.9055194708634182,413.5438596491228,4.7293090277312935,0.5,2.0,4.937108054565267,FAIL,0,0
S015,C04,14565,30,485.5,28,1.0714285714285714,5.694190630461207,5,1.4312641791859804,682.6,8.14537750616644,0.3333333333333333,3.0,8.470317627732141,PASS,0,0
S016,C01,29548,70,422.1142857142857,50,1.4,6.30187899879135,45,2.000895659960871,420.68888888888887,5.956650686956525,0.5,2.0,8.651728882886724,PASS,0,0
S016,C04,56178,120,468.15,82,1.4634146341463414,6.539127755817039,20,2.2696588699972717,404.8,7.901350472782796,0.0,3.0,7.251965514660226,PASS,0,0
S016,C05,13768,30,458.93333333333334,27,1.1111111111111112,6.662799815760638,14,2.1690149090141726,464.0,6.545570791930581,0.0,2.0,8.244339375146776,PASS,0,0
S016,C06,28449,70,406.4142857142857,53,1.320754716981132,6.643163156521985,22,2.1740452025825614,360.1818181818182,5.329932787589399,0.0,1.0,7.002367078563317,PASS,0,0
S017,C02,51060,120,425.5,77,1.5584415584415585,6.559354316203037,40,2.0263984078871218,451.7,5.637369338347226,0.0,3.0,7.825937750779992,PASS,0,0
S017,C04,14623,30,487.43333333333334,25,1.2,7.469796532093724,6,1.9289890801616523,559.0,6.843967539614865,0.0,3.0,8.279076101918285,PASS,0,0
S017,C05,36310,70,518.7142857142857,55,1.2727272727272727,5.925549978162286,40,1.8489214049719176,538.3,8.090738104466809,0.0,2.0,6.283798285917552,PASS,0,0
S017,C06,12575,30,419.1666666666667,28,1.0714285714285714,6.4004114007103405,7,1.8583974088948694,357.7142857142857,4.367796283941061,0.0,1.0,5.196653737939413,PASS,0,0
S018,C01,12135,30,404.5,23,1.3043478260869565,7.3623276540186255,17,1.8717351089904777,421.1764705882353,8.557078008178538,0.5,2.0,8.068273040397308,PASS,0,0
S018,C02,33114,70,473.0571428571429,51,1.3725490196078431,5.969441327204245,13,1.8678653842572346,595.8461538461538,6.406338908907242,0.4,5.0,7.476610080131799,PASS,0,0
S018,C04,33440,70,477.7142857142857,52,1.3461538461538463,6.108424402017745,14,2.2428538639183415,509.92857142857144,5.91037086428133,0.0,2.0,6.8624258340288,PASS,0,0
S018,C06,14226,30,474.2,29,1.0344827586206897,6.373097812018983,11,2.227514846286415,487.72727272727275,6.5779908435,0.0,2.0,8.997101619671056,PASS,0,0
S019,C01,14507,30,483.56666666666666,27,1.1111111111111112,7.101685434248919,18,1.9025059246874731,453.8333333333333,5.331329379960579,0.0,2.0,7.612462997165085,PASS,0,0
S019,C02,55677,120,463.975,71,1.6901408450704225,6.7860384937046705,34,1.8714741410087985,509.97058823529414,7.120893303205227,0.2,5.0,6.221547508592975,PASS,0,0
S019,C04,32633,70,466.1857142857143,55,1.2727272727272727,7.426808759651309,17,1.893828913426758,442.29411764705884,7.5250184021580315,0.3333333333333333,3.0,7.097061862828953,PASS,0,0
S019,C06,59899,120,499.15833333333336,75,1.6,6.696733324613343,35,2.2202025876726927,483.1142857142857,8.319020937057646,0.0,2.0,5.439377070973623,PASS,0,0
S020,C02,13111,30,437.03333333333336,26,1.1538461538461537,6.626522423646724,10,1.813624113963568,468.7,7.99316485054932,0.8,5.0,5.918125534601423,PASS,0,0
S020,C03,13565,30,452.1666666666667,27,1.1111111111111112,5.435163616941885,16,1.5908992366072634,427.625,9.172635989608839,0.5,2.0,5.902000173493155,PASS,0,0
S020,C04,36082,70,515.4571428571429,55,1.2727272727272727,7.230442435811439,12,2.270007409733658,424.5833333333333,8.083011696461016,0.0,3.0,8.567502505402523,PASS,0,0
S020,C06,29760,70,425.14285714285717,55,1.2727272727272727,5.751602348845318,18,2.070905531823804,499.72222222222223,8.189390546571452,0.5,2.0,6.753717680318901,PASS,0,0
S021,C01,34711,70,495.87142857142857,57,1.2280701754385965,6.513385687489221,49,2.1393282754548593,482.59183673469386,6.863060279307556,0.0,1.0,5.188859867460472,PASS,0,0
S021,C04,14080,30,469.3333333333333,26,1.1538461538461537,5.978663556589638,8,2.069472472383153,457.625,6.641677828476691,0.0,3.0,4.590435210495163,FAIL,0,0
S021,C05,15713,30,523.7666666666667,27,1.1111111111111112,7.001082614469653,17,2.325724422512714,569.7058823529412,7.085922099062683,0.0,1.0,5.4123624759630005,PASS,0,0
S021,C06,33174,70,473.9142857142857,53,1.320754716981132,6.852579669823077,22,2.094626522540204,495.54545454545456,7.785714015855943,0.5,2.0,6.812427831351242,PASS,0,0
S022,C01,57268,120,477.23333333333335,72,1.6666666666666667,6.5566463501438275,73,1.973474603821703,476.1917808219178,9.301544287532273,0.5,2.0,5.6737414957630925,PASS,0,0
S022,C02,14598,30,486.6,26,1.1538461538461537,5.862395552656906,13,2.5881727089844704,435.53846153846155,7.38209083487813,0.2,5.0,5.837978494987754,PASS,0,0
S022,C03,51988,120,433.23333333333335,76,1.5789473684210527,6.424772420420673,59,1.780165351462273,449.271186440678,8.844116417624539,0.0,2.0,5.590286977497788,PASS,0,0
S022,C06,51725,120,431.0416666666667,76,1.5789473684210527,6.23130100262234,33,2.178999606887973,406.030303030303,8.667599412485359,0.0,2.0,7.831285131281499,PASS,0,0
S023,C01,53661,120,447.175,79,1.518987341772152,6.614897042493124,73,2.1938971525570063,445.93150684931504,4.820159041947546,0.5,2.0,8.940116344516092,PASS,0,0
S023,C03,32366,70,462.37142857142857,53,1.320754716981132,6.561221907503102,32,1.9521350154233872,477.15625,8.774881571177911,0.0,2.0,7.452098069821016,PASS,0,0
S023,C05,32216,70,460.22857142857146,51,1.3725490196078431,6.701342103103362,42,2.01477401414857,442.6666666666667,4.987847457970438,0.0,1.0,4.175634941324464,FAIL,0,0
S023,C06,59261,120,493.84166666666664,82,1.4634146341463414,6.006482534435608,37,1.8804661596949013,439.7567567567568,6.572445198489506,0.5,2.0,6.40027642557737,PASS,0,0
S024,C01,30720,70,438.85714285714283,50,1.4,6.838486451117799,43,1.8464937983715894,453.5581395348837,6.6839583454518365,0.0,2.0,7.348343170580747,PASS,0,0
S024,C03,13899,30,463.3,29,1.0344827586206897,6.0311265197336885,8,2.2958151556551005,474.0,7.554447563557216,0.5,2.0,7.0365033518236295,PASS,0,0
S024,C05,31098,70,444.25714285714287,50,1.4,6.5563413529569035,49,2.1899871066607526,452.2857142857143,8.293412906392204,0.0,2.0,7.663181177483709,PASS,0,0
S024,C06,61675,120,513.9583333333334,79,1.518987341772152,6.335024447702286,39,1.9519031541101393,516.4871794871794,7.029893378978228,0.0,2.0,4.470341706637472,FAIL,0,0
S025,C01,28898,70,412.8285714285714,53,1.320754716981132,6.235899637915469,46,1.8113325590220464,375.7826086956522,9.025849944943637,0.5,2.0,7.054450712669382,PASS,0,0
S025,C02,12236,30,407.8666666666667,26,1.1538461538461537,5.684537401693668,5,2.413045203181087,308.8,6.0326663562396625,0.75,4.0,7.833320953707416,PASS,0,0
S025,C04,12296,30,409.8666666666667,26,1.1538461538461537,5.923684968799295,9,2.1038578465436792,486.55555555555554,7.802930764001988,0.3333333333333333,3.0,8.444936295785713,PASS,0,0
S025,C05,14272,30,475.73333333333335,27,1.1111111111111112,6.490672910690961,19,1.75746102980715,442.2105263157895,6.630472407848314,0.0,2.0,7.464233302683356,PASS,0,0
S026,C01,58806,120,490.05,74,1.6216216216216217,6.44707456691792,72,2.1499137211876547,496.4861111111111,5.335650731653806,0.0,1.0,4.495153396951599,FAIL,0,0
S026,C02,53078,120,442.31666666666666,80,1.5,6.092594870005638,33,1.7713688466053863,459.6363636363636,7.522566917926381,0.2,5.0,8.69877425333672,PASS,0,0
S026,C05,54253,120,452.10833333333335,73,1.643835616438356,6.625227774133894,75,1.970543900384564,458.12,7.6503217158880625,0.0,2.0,4.320160133239516,FAIL,0,0
S026,C06,15074,30,502.46666666666664,28,1.0714285714285714,5.879310422537965,4,3.3345286239854177,587.5,7.201679909996877,0.5,2.0,4.967183621375672,FAIL,0,0
S027,C01,57079,120,475.65833333333336,72,1.6666666666666667,6.344789361423313,75,1.9611110094092523,448.32,6.258530401655962,0.0,2.0,7.119652247646999,PASS,0,0
S027,C02,12340,30,411.3333333333333,24,1.25,6.588308630510374,11,2.038653741037967,322.54545454545456,5.902488574149514,0.25,4.0,8.723520242372407,PASS,0,0
S027,C04,17425,30,580.8333333333334,28,1.0714285714285714,5.170007395352662,7,1.248804095139736,528.0,5.717431166468589,0.0,3.0,7.147118288814509,PASS,0,0
S027,C05,13291,30,443.03333333333336,26,1.1538461538461537,6.166843953375538,20,1.9540523485338062,363.15,6.413598845843583,0.5,2.0,8.204127135613826,PASS,0,0
S028,C01,35349,70,504.98571428571427,54,1.2962962962962963,6.6634115001153305,33,1.7088927854894598,496.6666666666667,6.516872755960141,0.5,2.0,6.496945392147193,PASS,0,0
S028,C02,55307,120,460.89166666666665,73,1.643835616438356,6.433192901050634,32,1.98191177313833,517.78125,7.934577110703512,0.2,5.0,7.856705189589065,PASS,0,0
S028,C03,57248,120,477.06666666666666,80,1.5,6.0843954787689185,38,2.0030649056263545,452.2105263157895,5.377353330797612,0.0,2.0,7.462859394785185,PASS,0,0
S028,C05,13365,30,445.5,25,1.2,5.878534406733034,21,2.1410846428304247,443.76190476190476,9.0467316628397,0.0,1.0,4.80729141557803,FAIL,0,0
S029,C01,59693,120,497.44166666666666,75,1.6,6.778084214661672,69,1.9942598677891048,523.768115942029,5.017077128200928,0.5,2.0,6.903976417001334,PASS,0,0
S029,C02,33207,70,474.3857142857143,58,1.206896551724138,6.679006187524594,15,1.728527431562271,452.93333333333334,6.461603747668153,0.25,4.0,6.113467728949843,PASS,0,0
S029,C05,35298,70,504.25714285714287,57,1.2280701754385965,6.377244716661672,41,2.1215641683842534,528.8536585365854,8.170838111594774,0.0,1.0,8.47927847568139,PASS,0,0
S029,C06,13867,30,462.23333333333335,26,1.1538461538461537,6.599374766670789,11,2.0274303605178075,620.0909090909091,0.0,0.0,0.0,7.023595697029323,PASS,0,0
S030,C02,53412,120,445.1,75,1.6,6.09757705918642,38,1.988848421482718,479.0,5.961928346107402,0.25,4.0,7.419497222053268,PASS,0,0
S030,C03,12903,30,430.1,26,1.1538461538461537,7.50492305415319,13,1.7265171601819467,464.0,9.84928448903036,0.0,1.0,4.804351054177121,FAIL,0,0
S030,C05,56351,120,469.59166666666664,80,1.5,6.309598869933134,78,2.0127014607345117,485.1794871794872,6.712889900454146,0.5,2.0,6.396447846164444,PASS,0,0
S030,C06,54256,120,452.1333333333333,75,1.6,6.7817563686116165,26,2.1585389442197713,460.88461538461536,6.853528489725159,0.0,2.0,8.335547924901977,PASS,0,0
S031,C02,34426,70,491.8,53,1.320754716981132,6.510017093858165,15,1.760487938163529,486.6666666666667,8.321989078141629,0.0,5.0,5.780173249659748,PASS,0,0
S031,C03,33703,70,481.4714285714286,58,1.206896551724138,6.270797283576635,40,2.0361190507121876,481.25,7.01155446589417,0.0,2.0,8.790352673821953,PASS,0,0
S031,C04,55474,120,462.28333333333336,82,1.4634146341463414,6.318139161334502,27,2.125430402399972,494.3333333333333,7.1081962625866195,0.0,3.0,8.298550558914904,PASS,0,0
S031,C06,13300,30,443.3333333333333,28,1.0714285714285714,5.806021979936089,11,2.1661350059436577,441.0,6.069387706352696,1.0,1.0,5.732308615223518,PASS,0,0
S032,C02,51065,120,425.5416666666667,74,1.6216216216216217,7.082730703268346,38,2.1839929424566757,444.07894736842104,7.104820417102974,0.4,5.0,4.543171567814879,FAIL,0,0
S032,C03,31323,70,447.4714285714286,59,1.1864406779661016,6.59403475750006,30,2.07170681060914,507.0,6.578165039889612,0.0,2.0,6.009708217629068,PASS,0,0
S032,C04,31597,70,451.3857142857143,54,1.2962962962962963,6.761018425660066,16,2.0261703105349738,513.4375,6.984626946580792,0.5,2.0,5.984940809593276,PASS,0,0
S032,C05,53649,120,447.075,76,1.5789473684210527,6.096479653319205,72,2.0138458639243284,467.44444444444446,9.839561590804031,0.0,1.0,8.977562848032935,PASS,0,0
S033,C01,31459,70,449.4142857142857,52,1.3461538461538463,6.441474790145719,47,2.077624226509541,445.1063829787234,4.84708912672706,0.5,2.0,6.669744463058343,PASS,0,0
S033,C02,57119,120,475.9916666666667,75,1.6,6.46916177146947,40,2.0616125394062887,457.225,7.168796569458522,0.2,5.0,4.1203971628951415,FAIL,0,0
S033,C03,14779,30,492.6333333333333,25,1.2,6.263847936498193,14,2.497829793893574,479.14285714285717,6.32198311209461,0.0,2.0,5.339838429319395,PASS,0,0
S033,C05,54918,120,457.65,76,1.5789473684210527,6.14047812077712,76,2.1506507724910278,454.7236842105263,7.783647014909161,0.0,1.0,5.628299340087193,PASS,0,0
S034,C01,26499,70,378.5571428571429,56,1.25,6.537992067287433,40,2.3692932172256036,360.45,5.837841814917495,0.5,2.0,7.619712713207503,PASS,0,0
S034,C04,56506,120,470.8833333333333,78,1.5384615384615385,6.626711098181157,21,2.2053562433519414,433.57142857142856,6.868213350801529,0.3333333333333333,3.0,5.555879015746936,PASS,0,0
S034,C05,51044,120,425.3666666666667,72,1.6666666666666667,6.12943340374738,84,2.1417556557807336,406.3452380952381,7.3010240744608,0.5,2.0,5.489170144766844,PASS,0,0
S034,C06,30731,70,439.01428571428573,54,1.2962962962962963,6.483382337980901,23,2.2336465712576747,465.5217391304348,6.837621959459747,0.0,2.0,8.76845245981529,PASS,0,0
S035,C01,13129,30,437.6333333333333,27,1.1111111111111112,7.609418562314523,14,2.3744636807175246,415.57142857142856,9.299582357576922,0.5,2.0,8.149243270254065,PASS,0,0
S035,C02,57805,120,481.7083333333333,77,1.5584415584415585,6.4661167382360425,39,2.0387606103933233,492.1025641025641,7.366000605094607,0.2,5.0,4.262125996578387,FAIL,0,0
S035,C03,51002,120,425.01666666666665,75,1.6,6.167896092961004,51,2.115161931105443,415.52941176470586,7.353546659888944,0.0,2.0,5.054025994617053,PASS,0,0
S035,C05,15949,30,531.6333333333333,28,1.0714285714285714,6.766166448571979,23,1.649366101502608,486.69565217391306,4.650455609867035,0.0,2.0,6.677433588542983,PASS,0,0
S036,C01,61295,120,510.7916666666667,71,1.6901408450704225,6.526247444429244,81,1.9874694679774467,517.6666666666666,7.216359438444114,0.5,2.0,7.006673635699027,PASS,0,0
S036,C02,14290,30,476.3333333333333,27,1.1111111111111112,6.132847480783002,8,1.0851063574817659,503.875,6.48138194954272,0.2,5.0,8.12213312012876,PASS,0,0
S036,C03,15503,30,516.7666666666667,25,1.2,6.173016427020225,8,2.0246286564313762,637.0,4.550242962116247,0.0,1.0,5.099664120685597,PASS,0,0
S036,C04,57064,120,475.53333333333336,72,1.6666666666666667,6.33074129525711,23,1.9308270333494608,491.7391304347826,5.607955656655582,0.0,2.0,7.009843330857342,PASS,0,0
S037,C02,55510,120,462.5833333333333,74,1.6216216216216217,7.050839153021236,38,2.0931209510718136,468.0,7.809073815476467,0.0,3.0,4.995942159789875,FAIL,0,0
S037,C03,13482,30,449.4,28,1.0714285714285714,5.701308474629494,9,1.7284746449864399,507.44444444444446,8.284119966520183,0.0,2.0,5.368055980347407,PASS,0,0
S037,C04,14903,30,496.76666666666665,25,1.2,6.735628610416334,6,1.579645900148234,316.0,7.91446603043382,0.0,2.0,4.257666968104095,FAIL,0,0
S037,C06,53973,120,449.775,81,1.4814814814814814,5.94530521457608,26,1.979153667134093,459.84615384615387,4.894374950801028,1.0,1.0,5.682899436222511,PASS,0,0
S038,C01,34133,70,487.6142857142857,56,1.25,6.582477348326151,36,1.6646678064857787,488.69444444444446,7.0703668490593286,0.0,1.0,8.007166605317387,PASS,0,0
S038,C03,33138,70,473.4,57,1.2280701754385965,6.727431708894822,28,2.2262947204401167,410.14285714285717,4.846377397219652,0.0,1.0,6.195646371987912,PASS,0,0
S038,C05,34806,70,497.22857142857146,49,1.4285714285714286,6.644254832236286,42,2.1421908916562753,503.0238095238095,5.291961888541449,0.5,2.0,6.344291264227949,PASS,0,0
S038,C06,57153,120,476.275,84,1.4285714285714286,6.272754421724265,36,2.179097009365162,447.97222222222223,6.77141445323285,0.0,2.0,7.227180117862947,PASS,0,0
S039,C01,29740,70,424.85714285714283,55,1.2727272727272727,6.445146307937111,37,2.141440474690469,441.86486486486484,6.687295586940566,0.0,2.0,8.93970848338084,PASS,0,0
S039,C03,30286,70,432.65714285714284,56,1.25,6.798292789640511,30,2.0761501374017075,391.23333333333335,6.701161129658197,0.5,2.0,4.405807561200792,FAIL,0,0
S039,C04,32842,70,469.1714285714286,48,1.4583333333333333,6.75791900821858,11,1.850107995054783,367.3636363636364,6.442403027562427,0.0,2.0,7.6064470298303934,PASS,0,0
S039,C05,55979,120,466.4916666666667,76,1.5789473684210527,6.799263229663265,75,2.074943025549947,456.48,7.415624910225363,0.0,2.0,8.64032964418925,PASS,0,0
S040,C01,32639,70,466.27142857142854,57,1.2280701754385965,6.322341504115283,47,2.074214798718456,495.8510638297872,4.836186907492747,0.0,2.0,6.952886501421754,PASS,0,0
S040,C03,51063,120,425.525,76,1.5789473684210527,6.132963624251467,51,2.161142054610368,472.6862745098039,8.446525912025479,0.0,1.0,6.9242784781046405,PASS,0,0
S040,C05,54257,120,452.14166666666665,73,1.643835616438356,7.090174138680852,68,1.7771766842799728,498.36764705882354,5.576708233973186,1.0,2.0,4.3277023650215725,FAIL,0,0
S040,C06,13882,30,462.73333333333335,27,1.1111111111111112,6.701242683481797,10,1.6840428701412409,391.0,8.974595880064108,0.0,1.0,7.804212932268988,PASS,0,0
S041,C02,56432,120,470.26666666666665,75,1.6,6.137288160779082,38,1.9025520684575419,429.7105263157895,8.188420241302053,0.5,2.0,4.975111911611356,FAIL,0,0
S041,C03,16370,30,545.6666666666666,28,1.0714285714285714,6.148177206758508,12,1.7351063391335915,633.0833333333334,6.981995723821906,0.0,2.0,7.460875779017103,PASS,0,0
S041,C05,32476,70,463.9428571428571,50,1.4,5.884113920691339,44,1.8483183842813544,465.72727272727275,4.414496118725364,0.0,1.0,4.36930998470458,FAIL,0,0
S041,C06,31512,70,450.1714285714286,56,1.25,5.537440850583199,17,2.174943576631513,520.8823529411765,4.612512139261084,0.0,2.0,7.491308567596722,PASS,0,0
S042,C01,52585,120,438.2083333333333,82,1.4634146341463414,6.785687292197648,80,1.8821484242975677,457.575,0.0,0.0,0.0,8.48567347075887,PASS,0,0
S042,C02,31948,70,456.4,56,1.25,6.520101991923513,26,1.979935414493995,462.46153846153845,4.604250717035969,0.0,1.0,7.348100667889795,PASS,0,0
S042,C03,12664,30,422.1333333333333,27,1.1111111111111112,6.667410222668857,14,1.7746387335091218,429.2142857142857,7.129851550807391,0.0,2.0,5.595907580040516,PASS,0,0
S042,C05,53808,120,448.4,79,1.518987341772152,6.515679979436196,73,2.2253073144903044,438.3835616438356,8.263553154421812,0.5,2.0,4.352151964327651,FAIL,0,0
S043,C02,15353,30,511.76666666666665,28,1.0714285714285714,6.302470732463652,9,2.1989399959904308,428.3333333333333,5.521094811276922,0.0,4.0,5.516087814546552,PASS,0,0
S043,C03,55404,120,461.7,75,1.6,6.476984501522681,52,2.0759150082642686,527.6730769230769,5.182053344172332,0.0,1.0,5.180802473851093,PASS,0,0
S043,C04,35810,70,511.57142857142856,51,1.3725490196078431,6.77931251928185,13,2.198519611020092,502.84615384615387,7.639349689977743,0.0,3.0,6.859200345099357,PASS,0,0
S043,C06,59666,120,497.21666666666664,74,1.6216216216216217,6.263916903103061,31,2.212933912620262,527.0322580645161,8.482258310062285,0.0,2.0,8.771505700732874,PASS,0,0
S044,C01,13778,30,459.26666666666665,27,1.1111111111111112,7.293781660022393,16,1.8947514644787187,381.25,6.024881621861549,0.5,2.0,7.781692779148167,PASS,0,0
S044,C02,11637,30,387.9,28,1.0714285714285714,5.269744682287965,7,2.1945505258857954,467.57142857142856,5.761441874357347,0.4,5.0,4.157321641900045,FAIL,0,0
S044,C04,32492,70,464.1714285714286,49,1.4285714285714286,6.869008875099263,20,2.0492857692302304,420.6,8.26027516380745,0.3333333333333333,3.0,4.292659934153478,FAIL,0,0
S044,C06,56405,120,470.0416666666667,75,1.6,6.292754815180796,35,1.9710798687396816,450.1142857142857,8.200750230089229,0.0,2.0,4.309973432656305,FAIL,0,0
S045,C01,14544,30,484.8,27,1.1111111111111112,6.594069049652556,16,2.0006178781715485,495.8125,4.001042621101425,0.0,1.0,4.2535681526261975,FAIL,0,0
S045,C03,14536,30,484.53333333333336,25,1.2,7.571124913836329,8,2.378415805530212,540.25,6.630530203131308,0.0,1.0,6.744429510007032,PASS,0,0
S045,C05,57999,120,483.325,71,1.6901408450704225,6.221772222645024,80,2.1249227009210254,498.725,4.940766194551372,1.0,1.0,4.528436520096834,FAIL,0,0
S045,C06,16373,30,545.7666666666667,26,1.1538461538461537,6.953617351752982,7,2.538002750470238,603.4285714285714,9.07088426380814,1.0,1.0,4.678797112887584,FAIL,0,0
S046,C02,37049,70,529.2714285714286,51,1.3725490196078431,5.268828810964384,18,1.9337488774264942,607.3888888888889,6.118294341017938,0.25,4.0,4.101079711360948,FAIL,0,0
S046,C03,55296,120,460.8,79,1.518987341772152,6.661326752255036,47,1.8752519730913313,480.1276595744681,7.83252300798622,0.0,2.0,4.2730032709714205,FAIL,0,0
S046,C05,57738,120,481.15,76,1.5789473684210527,6.547202725825596,64,1.9249122814161157,473.5,5.089261875712508,0.5,2.0,8.112464109669542,PASS,0,0
S046,C06,14556,30,485.2,26,1.1538461538461537,7.204782392628415,8,1.4952877828491729,487.625,7.971544995375293,0.0,2.0,7.286935990800453,PASS,0,0
S047,C03,53821,120,448.5083333333333,78,1.5384615384615385,6.209224009665007,54,2.117371605986982,507.5,9.01071539198594,1.0,2.0,5.594870017285004,PASS,0,0
S047,C04,55590,120,463.25,76,1.5789473684210527,6.31119145960439,23,2.0787334685767798,480.5652173913044,7.794241540629582,0.3333333333333333,3.0,6.37584392102732,PASS,0,0
S047,C05,50605,120,421.7083333333333,76,1.5789473684210527,6.849652697977919,74,1.93549296349861,404.3918918918919,9.81117673032093,1.0,1.0,8.86268462711341,PASS,0,0
S047,C06,34265,70,489.5,55,1.2727272727272727,6.151955746284926,16,2.081921472797855,527.125,8.782880624454464,0.5,2.0,6.022548144779415,PASS,0,0
S048,C01,13559,30,451.96666666666664,25,1.2,6.34501864353796,17,1.748192603556727,486.05882352941177,7.570054185678427,0.0,2.0,8.751018852147446,PASS,0,0
S048,C03,55514,120,462.6166666666667,72,1.6666666666666667,6.338882347221851,47,1.852325270172535,487.5531914893617,7.309682539783514,1.0,2.0,4.978335008077067,FAIL,0,0
S048,C05,57389,120,478.2416666666667,76,1.5789473684210527,6.307928991899027,70,2.2240254169876463,522.6142857142858,5.868280817578973,0.0,2.0,5.489797134896819,PASS,0,0
S048,C06,57428,120,478.56666666666666,78,1.5384615384615385,6.907163831329943,40,2.0883308278610624,491.075,9.647473363295088,0.5,2.0,5.48487131817585,PASS,0,0
S049,C01,12677,30,422.56666666666666,28,1.0714285714285714,6.371582333893908,20,1.7641233884057343,375.35,4.217559345519261,0.0,1.0,4.409318013905725,FAIL,0,0
S049,C02,58125,120,484.375,77,1.5584415584415585,5.844446753900821,34,2.2058295877390366,447.0882352941176,7.828424352155468,0.5,4.0,8.333746744923197,PASS,0,0
S049,C05,57814,120,481.78333333333336,78,1.5384615384615385,6.198073292992483,75,2.020028526763752,483.8933333333333,8.385723628770432,0.5,2.0,5.758663942750625,PASS,0,0
S049,C06,14998,30,499.93333333333334,28,1.0714285714285714,6.992401621519154,12,1.9030558706646235,482.1666666666667,7.683605661797357,0.0,2.0,6.062901087405203,PASS,0,0
S050,C02,49863,120,415.525,76,1.5789473684210527,6.490275639898373,37,1.7691264172192502,363.8378378378378,6.39377261662667,0.0,5.0,5.673411134533213,PASS,0,0
S050,C04,13810,30,460.3333333333333,26,1.1538461538461537,5.929084617135174,9,2.2281092811668577,403.6666666666667,7.149466355745201,0.5,2.0,8.840710585985303,PASS,0,0
S050,C05,48948,120,407.9,77,1.5584415584415585,6.2938964285464785,83,2.0227131024718825,403.50602409638554,6.4974961041514465,0.0,2.0,5.583034892967141,PASS,0,0
S050,C06,32177,70,459.6714285714286,52,1.3461538461538463,5.6814099669034235,24,1.8625489470122447,462.9166666666667,6.053869358557414,0.5,2.0,5.998175611590854,PASS,0,0
S051,C01,13833,30,461.1,25,1.2,6.397083639558626,17,2.408109422031444,410.05882352941177,7.599473265347369,0.0,1.0,8.08813481946899,PASS,0,0
S051,C02,15001,30,500.03333333333336,26,1.1538461538461537,6.399484035273187,9,2.3792696396515107,578.6666666666666,7.339687454126806,0.4,5.0,5.755478593170218,PASS,0,0
S051,C03,12038,30,401.26666666666665,27,1.1111111111111112,6.493898580184414,12,1.7985239971426785,450.1666666666667,7.856994391867072,0.0,2.0,6.237340377578402,PASS,0,0
S051,C06,36528,70,521.8285714285714,58,1.206896551724138,5.977536778954765,27,2.0859876711580925,483.44444444444446,4.96703261345687,0.5,2.0,6.08135475058705,PASS,0,0
S052,C01,34161,70,488.01428571428573,54,1.2962962962962963,6.332497480627359,44,1.7126086298680958,493.3181818181818,7.594468208259762,0.0,1.0,5.96924335725862,PASS,0,0
S052,C02,58819,120,490.15833333333336,80,1.5,7.2143830632449495,33,1.7499061244854126,522.4242424242424,7.829982779929008,0.25,4.0,5.72942711723273,PASS,0,0
S052,C03,15815,30,527.1666666666666,27,1.1111111111111112,6.340855626898851,8,2.5496595283441157,505.625,6.49543456124607,0.5,2.0,8.668237325166752,PASS,0,0
S052,C05,56946,120,474.55,76,1.5789473684210527,6.760075950439745,68,2.1732207912447765,448.3970588235294,7.327704503578032,0.5,2.0,5.311197430575102,PASS,0,0
S053,C01,32635,70,466.2142857142857,51,1.3725490196078431,7.0655672649599985,44,1.9683793946026378,453.5,6.549131347587169,0.0,2.0,7.668665770963429,PASS,0,0
S053,C02,33360,70,476.57142857142856,55,1.2727272727272727,7.141097730177376,20,1.8439600378217587,586.0,7.321733608704318,0.5,4.0,5.664313096647567,PASS,0,0
S053,C03,55070,120,458.9166666666667,77,1.5584415584415585,6.4985926849175595,47,1.862703350894479,435.4255319148936,5.841543796114837,0.5,2.0,5.294101282260744,PASS,0,0
S053,C04,58064,120,483.8666666666667,79,1.518987341772152,5.591376796346361,23,1.604048738569128,491.39130434782606,6.8475977884339265,0.3333333333333333,3.0,6.76638704164646,PASS,0,0
S054,C01,11956,30,398.53333333333336,27,1.1111111111111112,6.710735803521127,22,2.299118923700218,396.6363636363636,4.685259188502755,1.0,1.0,4.834331088716348,FAIL,0,0
S054,C02,32352,70,462.1714285714286,52,1.3461538461538463,7.016472604485182,17,2.019748786913669,375.8235294117647,4.690321301636685,0.0,3.0,4.317462841673138,FAIL,0,0
S054,C04,54656,120,455.46666666666664,79,1.518987341772152,6.925857093238693,22,1.72969701584967,420.3636363636364,8.158456758520371,1.0,2.0,6.954899553525294,PASS,0,0
S054,C05,32553,70,465.04285714285714,60,1.1666666666666667,6.463824392314595,42,1.9261132584868372,427.26190476190476,7.081903942402366,0.0,2.0,7.572514897532275,PASS,0,0
S055,C01,13410,30,447.0,29,1.0344827586206897,6.4743990587585065,19,2.0066723870472116,512.0526315789474,7.101359316619336,0.0,2.0,5.583902207170147,PASS,0,0
S055,C02,55713,120,464.275,73,1.643835616438356,6.588817510082368,35,2.1607311037222887,436.85714285714283,7.563756723472824,0.4,5.0,4.232958715232031,FAIL,0,0
S055,C04,54159,120,451.325,70,1.7142857142857142,6.305258559201724,22,2.3060777573793,575.5454545454545,6.13261543603681,0.0,2.0,8.843817714200139,PASS,0,0
S055,C06,32006,70,457.22857142857146,48,1.4583333333333333,6.859456769650443,20,2.25981357208183,503.45,9.770787275628477,0.0,1.0,5.47211739514826,PASS,0,0
S056,C02,30128,70,430.4,48,1.4583333333333333,5.367276558242788,21,1.9694122702509715,421.23809523809524,6.11139701142276,0.0,3.0,4.56547763891492,FAIL,0,0
S056,C03,32002,70,457.1714285714286,50,1.4,6.68760207831295,35,1.9006194280207755,448.0285714285714,5.953849319578495,0.5,2.0,8.805907634526417,PASS,0,0
S056,C04,33948,70,484.9714285714286,47,1.4893617021276595,6.305018640292566,17,1.8267237197857076,528.3529411764706,7.127025082163805,0.0,3.0,6.778044530645601,PASS,0,0
S056,C05,15513,30,517.1,25,1.2,6.482183262257298,12,2.2399381346903704,581.8333333333334,9.09354098680922,0.0,1.0,7.400915096932105,PASS,0,0
S057,C01,56624,120,471.8666666666667,80,1.5,6.251111142892466,79,1.9633916351723608,472.75949367088606,7.342147597251051,0.5,2.0,8.216689944597334,PASS,0,0
S057,C02,33360,70,476.57142857142856,50,1.4,6.511218533739196,23,2.0024928334020804,523.695652173913,6.6304672870526105,0.0,4.0,4.659906951634594,FAIL,0,0
S057,C03,33662,70,480.8857142857143,54,1.2962962962962963,7.1732667668625805,19,1.903718038967877,405.4736842105263,6.859123487298109,0.0,2.0,4.274206614397504,FAIL,0,0
S057,C06,30991,70,442.72857142857146,53,1.320754716981132,6.003369555495361,17,2.0298400495478197,418.52941176470586,6.3727310897131515,0.5,2.0,6.316879697644103,PASS,0,0
S058,C01,54106,120,450.8833333333333,76,1.5789473684210527,6.55502674373357,76,1.9218113280688065,439.7368421052632,5.370080352067245,0.5,2.0,7.392373535570183,PASS,0,0
S058,C04,14572,30,485.73333333333335,26,1.1538461538461537,7.644508661062637,7,1.7843348881659393,537.5714285714286,8.109999188645343,0.0,2.0,8.094220001387203,PASS,0,0
S058,C05,33355,70,476.5,51,1.3725490196078431,6.396653543292687,43,1.7351130899409954,485.86046511627904,8.238659947921503,0.0,1.0,8.359489617538804,PASS,0,0
S058,C06,11954,30,398.46666666666664,26,1.1538461538461537,6.939060712694811,10,2.1213499967668974,323.6,7.761363087264172,1.0,1.0,7.201502258633077,PASS,0,0
S059,C02,16597,30,553.2333333333333,27,1.1111111111111112,6.000894187762185,12,2.1423813020192704,440.8333333333333,6.422759924558969,0.4,5.0,8.03019992792358,PASS,0,0
S059,C04,13454,30,448.46666666666664,28,1.0714285714285714,6.292756350500778,6,1.9376658644812506,495.0,6.5243017870158,0.3333333333333333,3.0,8.207020386277204,PASS,0,0
S059,C05,11989,30,399.6333333333333,24,1.25,6.7296464794270925,17,2.113328139265089,359.7647058823529,7.370505952133492,0.0,2.0,6.405127981319902,PASS,0,0
S059,C06,30124,70,430.34285714285716,54,1.2962962962962963,6.7886078823374865,29,1.6034083789874134,439.7241379310345,6.372417938893564,0.0,2.0,8.637127209341159,PASS,0,0
S060,C01,12654,30,421.8,29,1.0344827586206897,5.971636739045377,18,1.9242209869694977,395.6111111111111,7.846178845419934,0.0,1.0,4.450622412001914,FAIL,0,0
S060,C02,54934,120,457.78333333333336,76,1.5789473684210527,6.560813644487125,38,2.1507755532085002,469.39473684210526,6.5570294022253295,0.0,3.0,4.338672434258512,FAIL,0,0
S060,C03,29058,70,415.1142857142857,53,1.320754716981132,6.716287720026515,24,1.9849649824273743,384.7083333333333,6.434910658897708,0.0,2.0,5.235069496833443,PASS,0,0
S060,C06,15533,30,517.7666666666667,26,1.1538461538461537,5.990452852295861,9,2.2163864996745875,552.8888888888889,5.694836669503984,0.0,2.0,8.121844009471133,PASS,0,0
S061,C01,52855,120,440.4583333333333,82,1.4634146341463414,6.361710960085059,75,2.0446819718738904,439.44,4.943787083200876,0.0,1.0,7.251932176720432,PASS,0,0
S061,C02,32263,70,460.9,52,1.3461538461538463,7.016399742789407,21,2.0081901916945086,456.6666666666667,8.377072068159764,0.2,5.0,5.972785369001607,PASS,0,0
S061,C04,57542,120,479.51666666666665,73,1.643835616438356,6.2419815724925805,20,2.1873323332122006,539.25,7.2586890460714315,0.6666666666666666,3.0,4.081662646210759,FAIL,0,0
S061,C05,31391,70,448.4428571428571,54,1.2962962962962963,6.405583315737836,40,2.0898439726980262,428.125,5.896933511996427,1.0,1.0,4.291526920837576,FAIL,0,0
S062,C01,54058,120,450.48333333333335,73,1.643835616438356,6.3002434018043605,62,2.1985904909970375,458.5483870967742,6.538023987446845,0.0,2.0,6.471682135786351,PASS,0,0
S062,C02,31091,70,444.15714285714284,56,1.25,6.905277567160934,23,1.840345644800187,508.82608695652175,6.949071140321759,0.2,5.0,6.602175769699402,PASS,0,0
S062,C03,32204,70,460.0571428571429,50,1.4,6.836279796307595,26,1.9307437047735598,480.34615384615387,6.145362193644045,0.5,2.0,5.936420320724808,PASS,0,0
S062,C06,57783,120,481.525,75,1.6,6.435676705913786,41,2.0147333061508887,462.5609756097561,5.495566283548113,0.0,2.0,4.984425284744868,FAIL,0,0
S063,C03,15431,30,514.3666666666667,29,1.0344827586206897,6.776273525886009,16,1.8899891571555583,623.9375,7.130244358352779,0.0,2.0,5.386833817861213,PASS,0,0
S063,C04,54838,120,456.98333333333335,71,1.6901408450704225,6.687774773645732,22,1.7368623350144965,424.45454545454544,7.49089097250391,0.0,3.0,7.573627191496431,PASS,0,0
S063,C05,55089,120,459.075,72,1.6666666666666667,6.571621330475377,75,1.8869513777553255,486.64,8.163521218464137,0.0,2.0,8.552387920096034,PASS,0,0
S063,C06,13836,30,461.2,24,1.25,6.318211014125063,6,1.8671940103845024,340.6666666666667,6.065827475895369,0.0,2.0,7.496499181581083,PASS,0,0
S064,C01,13576,30,452.53333333333336,28,1.0714285714285714,6.8958800624364995,16,1.351838456469522,436.1875,6.922201876649165,0.5,2.0,5.295574570385451,PASS,0,0
S064,C03,52964,120,441.3666666666667,71,1.6901408450704225,6.5005831459504915,51,1.909579513328554,449.7843137254902,7.863166817300431,0.5,2.0,4.367765568248986,FAIL,0,0
S064,C04,14636,30,487.8666666666667,27,1.1111111111111112,6.298758004452963,8,2.3825282912528314,581.5,8.121328222803006,0.6666666666666666,3.0,7.372579157386507,PASS,0,0
S064,C05,30378,70,433.9714285714286,51,1.3725490196078431,6.847559867290764,36,2.0532755877934283,385.9166666666667,5.088502815822711,0.0,2.0,7.643809582715514,PASS,0,0
S065,C01,31576,70,451.0857142857143,49,1.4285714285714286,6.557853349562851,48,2.1188668497551904,451.1875,8.58576456829227,0.0,1.0,4.845529266906988,FAIL,0,0
S065,C02,12532,30,417.73333333333335,25,1.2,5.900216633025167,9,1.7136127107329973,439.6666666666667,6.889707711296612,0.0,4.0,4.890776852625849,FAIL,0,0
S065,C03,57817,120,481.80833333333334,74,1.6216216216216217,6.260352344003,45,1.7812760785815749,462.0444444444444,4.1832647299440895,0.0,2.0,7.394830708276634,PASS,0,0
S065,C06,36303,70,518.6142857142858,54,1.2962962962962963,6.800531532429112,20,1.9191192337196252,551.45,6.817635346087574,0.0,2.0,4.420568953828233,FAIL,0,0
S066,C01,55049,120,458.7416666666667,74,1.6216216216216217,6.47345695086263,79,2.105635898009919,454.36708860759495,4.643342500641602,1.0,1.0,5.8603601296459615,PASS,0,0
S066,C02,27985,70,399.7857142857143,51,1.3725490196078431,6.577108776464632,20,2.3420919810712806,317.5,6.488009122450646,0.3333333333333333,3.0,6.326337966809513,PASS,0,0
S066,C04,55074,120,458.95,77,1.5584415584415585,5.8267640587261385,29,1.9608894363777536,383.37931034482756,9.094327224892611,0.0,3.0,4.11389286580182,FAIL,0,0
S066,C05,60006,120,500.05,78,1.5384615384615385,6.174511052727102,65,1.9516131799265597,466.5692307692308,5.096185826351022,0.0,1.0,4.2779727283630775,FAIL,0,0
S067,C03,54325,120,452.7083333333333,80,1.5,6.268257664813821,53,1.69503456151842,497.60377358490564,0.0,0.0,0.0,4.056031214164282,FAIL,0,0
S067,C04,56307,120,469.225,77,1.5584415584415585,6.525051255735828,25,1.4097753334259537,449.36,7.569311577034431,0.3333333333333333,3.0,8.8625024788252,PASS,0,0
S067,C05,53285,120,444.0416666666667,78,1.5384615384615385,5.823374373895494,59,1.9332166683680443,426.8135593220339,7.720827617204208,0.5,2.0,6.977317276865604,PASS,0,0
S067,C06,53606,120,446.71666666666664,72,1.6666666666666667,7.344020925816519,36,1.6167212017906505,407.5833333333333,6.413675711880065,0.0,2.0,7.166309646395452,PASS,0,0
S068,C01,13530,30,451.0,28,1.0714285714285714,6.023659794127859,17,2.124786447822702,455.0,4.7079389296314424,0.5,2.0,8.560517180271642,PASS,0,0
S068,C03,57141,120,476.175,77,1.5584415584415585,6.697327918064939,59,2.0649234409208224,508.7457627118644,5.1673413678296,0.0,1.0,4.53770097635902,FAIL,0,0
S068,C04,31359,70,447.98571428571427,54,1.2962962962962963,6.908006589148686,13,2.1210163713908163,372.7692307692308,6.487989324784222,0.6666666666666666,3.0,6.237929347476269,PASS,0,0
S068,C05,57549,120,479.575,74,1.6216216216216217,6.223707254062768,69,2.142042411305592,473.60869565217394,6.5012390071401205,0.0,2.0,6.453344917315059,PASS,0,0
S069,C01,57832,120,481.93333333333334,77,1.5584415584415585,6.566541384099288,68,2.0660981878794975,449.4852941176471,5.099349501076802,0.0,2.0,4.931768781174858,FAIL,0,0
S069,C02,15117,30,503.9,27,1.1111111111111112,7.116584184033067,6,2.0117891824547174,375.8333333333333,6.701746227173049,0.4,5.0,8.343691114306138,PASS,0,0
S069,C03,31757,70,453.6714285714286,49,1.4285714285714286,7.358277769546998,27,2.283436767577395,477.3333333333333,5.502058019661659,0.0,1.0,4.780244145762648,FAIL,0,0
S069,C05,56847,120,473.725,76,1.5789473684210527,6.4049811075949,60,1.949565513930044,493.8833333333333,9.29892339063954,0.0,2.0,7.731900995717348,PASS,0,0
S070,C01,12619,30,420.6333333333333,27,1.1111111111111112,6.332458304838381,18,1.9844853175599289,496.3888888888889,8.133718478426612,0.0,2.0,6.893273649947889,PASS,0,0
S070,C02,14206,30,473.53333333333336,26,1.1538461538461537,5.579710696037978,9,2.30360786593625,451.77777777777777,7.945024742200984,0.25,4.0,7.453151577481819,PASS,0,0
S070,C04,15100,30,503.3333333333333,27,1.1111111111111112,4.151065931056121,2,1.554821881103906,675.0,7.947532154835489,0.0,3.0,8.148811663852445,PASS,0,1
S070,C06,15101,30,503.3666666666667,26,1.1538461538461537,6.596232941534254,9,2.0271246298415035,519.5555555555555,8.537121931486986,1.0,1.0,5.712255568842562,PASS,0,0
S071,C01,55259,120,460.4916666666667,79,1.518987341772152,6.418541687182887,69,2.019288148967074,471.5072463768116,7.387273322117785,0.0,2.0,7.443145454445498,PASS,0,0
S071,C03,33058,70,472.25714285714287,53,1.320754716981132,6.5398387391379815,21,2.2618918244865522,463.0,6.5137148548722905,0.5,2.0,5.893887518593114,PASS,0,0
S071,C04,14813,30,493.76666666666665,29,1.0344827586206897,5.535214236748637,6,2.1551537600153154,368.1666666666667,6.263549503035911,0.3333333333333333,3.0,6.984528960874641,PASS,0,0
S071,C06,58998,120,491.65,76,1.5789473684210527,6.655839751175385,39,2.2690924650908646,449.6923076923077,0.0,0.0,0.0,4.075872188517515,FAIL,0,0
S072,C01,29771,70,425.3,55,1.2727272727272727,6.526877170609361,46,1.933461070745774,422.1521739130435,7.356132900596866,0.0,2.0,8.879762794635585,PASS,0,0
S072,C03,15099,30,503.3,25,1.2,6.126942264995998,17,2.4901369937950526,460.70588235294116,6.121310817401939,0.0,1.0,6.879445136788701,PASS,0,0
S072,C04,56042,120,467.01666666666665,75,1.6,6.6266250861416,26,1.9591461265128742,471.03846153846155,6.2115817583330895,0.0,3.0,4.609556084248282,FAIL,0,0
S072,C06,13910,30,463.6666666666667,25,1.2,6.186080864622667,16,1.6585414773584455,495.25,9.549061205833102,0.0,1.0,5.020430432374626,PASS,0,0
S073,C02,33843,70,483.4714285714286,52,1.3461538461538463,7.004254342425436,19,2.3280764747558416,443.10526315789474,7.685583891518833,0.25,4.0,4.964730557470444,FAIL,0,0
S073,C03,12620,30,420.6666666666667,29,1.0344827586206897,6.275097374325676,15,2.3659205667385415,424.1333333333333,7.7027224222786925,0.0,2.0,5.231984252699733,PASS,0,0
S073,C04,51099,120,425.825,71,1.6901408450704225,6.246959013569322,26,2.2464928763604624,428.4230769230769,6.668683250733174,0.0,2.0,5.009940590118051,PASS,0,0
S073,C06,14451,30,481.7,24,1.25,7.738954957650844,12,1.5557130311153462,548.1666666666666,8.250899161206542,0.5,2.0,4.559371476789913,FAIL,0,0
S074,C01,34652,70,495.0285714285714,53,1.320754716981132,6.415193653445479,43,1.7406115970967424,488.27906976744185,7.23537250089432,1.0,1.0,8.267401783402391,PASS,0,0
S074,C02,34438,70,491.9714285714286,51,1.3725490196078431,6.621979961092734,17,2.4345746673367143,529.1764705882352,8.053480738611945,0.0,4.0,6.628085308345063,PASS,0,0
S074,C03,52818,120,440.15,73,1.643835616438356,6.097380055718558,38,1.913781414262272,461.7631578947368,4.457552681562225,0.0,2.0,6.228340838009332,PASS,0,0
S074,C06,14754,30,491.8,24,1.25,6.655577120832859,12,2.478719153794173,455.0,7.580814634514213,0.0,2.0,7.825380771683713,PASS,0,0
S075,C02,29618,70,423.1142857142857,51,1.3725490196078431,5.6145152980643,19,1.9629366262623895,400.0,5.422397335141366,0.3333333333333333,3.0,7.130050281533448,PASS,0,0
S075,C03,14258,30,475.26666666666665,25,1.2,6.7895375179771165,18,1.9937998757289588,458.6666666666667,6.5535517737795015,0.0,2.0,7.247393743196627,PASS,0,0
S075,C04,28501,70,407.15714285714284,52,1.3461538461538463,5.942801237356695,11,2.308820650052275,395.45454545454544,7.058332051563501,0.3333333333333333,3.0,4.636201095066512,FAIL,0,0
S075,C06,59826,120,498.55,74,1.6216216216216217,6.653753251122163,31,1.709635567349083,453.16129032258067,8.684987672933541,0.0,1.0,8.340209176288198,PASS,0,0
S076,C03,13328,30,444.26666666666665,25,1.2,7.0850258265911865,9,2.409577932910968,509.3333333333333,6.173890829738339,0.5,2.0,8.630746422142987,PASS,0,0
S076,C04,35252,70,503.6,57,1.2280701754385965,6.063799501592948,8,1.7838448261637059,645.375,7.183425265308574,0.0,1.0,7.026810750683496,PASS,0,0
S076,C05,12795,30,426.5,25,1.2,6.48771793457742,21,1.7619024340779201,430.6190476190476,6.507728718299196,0.5,2.0,4.293523967033484,FAIL,0,0
S076,C06,33446,70,477.8,53,1.320754716981132,6.407813217816181,24,2.343121964546447,496.875,5.908177914473404,0.0,1.0,7.131960657827522,PASS,0,0
S077,C01,33353,70,476.4714285714286,54,1.2962962962962963,6.6912806270680525,42,2.1264964027052216,499.1190476190476,6.08123493396038,0.5,2.0,7.134327939016687,PASS,0,0
S077,C03,58019,120,483.4916666666667,85,1.411764705882353,6.252919739048576,40,2.2476671776308503,485.025,7.293544749379352,0.0,1.0,5.126446854698786,PASS,0,0
S077,C05,54873,120,457.275,77,1.5584415584415585,5.979759635795888,73,1.9788035560894115,429.2739726027397,4.927412013382767,0.0,2.0,6.338949826079204,PASS,0,0
S077,C06,13053,30,435.1,27,1.1111111111111112,5.960409797925061,8,1.595945191782318,426.625,5.787365946258049,0.0,2.0,5.771936286101048,PASS,0,0
S078,C02,58957,120,491.30833333333334,77,1.5584415584415585,6.445172342886441,30,2.094914262507843,479.06666666666666,6.159400781396936,0.0,4.0,6.343364330299025,PASS,0,0
S078,C03,31646,70,452.0857142857143,54,1.2962962962962963,7.326765513049984,24,1.9014153685457027,576.0416666666666,5.792442657781021,0.0,1.0,8.267829691556262,PASS,0,0
S078,C04,52749,120,439.575,77,1.5584415584415585,6.530651743172642,21,2.1300916478427543,381.76190476190476,6.650888939888392,0.3333333333333333,3.0,4.35783572965493,FAIL,0,0
S078,C05,56283,120,469.025,77,1.5584415584415585,6.3305279502193885,67,2.0018093548911535,436.9850746268657,9.585572490353062,0.0,1.0,4.270190124512592,FAIL,0,0
S079,C02,28979,70,413.98571428571427,54,1.2962962962962963,6.962885374418487,17,1.7749650000076136,351.29411764705884,5.710723235065613,0.0,4.0,4.638676723069888,FAIL,0,0
S079,C03,50673,120,422.275,80,1.5,6.25976796388265,32,2.0665467147653596,434.78125,7.1302947401718875,0.0,2.0,5.127084249171444,PASS,0,0
S079,C04,12454,30,415.1333333333333,26,1.1538461538461537,6.975858708053103,4,2.364922062326597,329.25,7.245776464861298,0.3333333333333333,3.0,6.296514499099356,PASS,0,0
S079,C06,53654,120,447.1166666666667,73,1.643835616438356,6.698369347398383,33,1.6262746511826744,403.8787878787879,6.370054896570057,0.0,2.0,5.507126052020617,PASS,0,0
S080,C01,56970,120,474.75,75,1.6,6.623936963575534,67,2.16959103510615,527.0,8.223754642857573,0.0,2.0,6.244441711135622,PASS,0,0
S080,C02,11322,30,377.4,28,1.0714285714285714,6.6853157394166765,11,2.050387776445463,292.09090909090907,6.749723472257322,0.5,4.0,6.852244988275311,PASS,0,0
S080,C04,51269,120,427.2416666666667,77,1.5584415584415585,6.215026006270086,23,2.0212169251761103,406.7391304347826,6.375470142299217,0.0,3.0,8.288741815251756,PASS,0,0
S080,C05,57199,120,476.65833333333336,76,1.5789473684210527,6.190784684647034,74,2.085999036623536,489.2972972972973,8.138683487924215,0.0,2.0,6.144296634097779,PASS,0,0
S081,C01,14009,30,466.96666666666664,26,1.1538461538461537,6.373110248183775,20,1.9273709105220251,456.2,7.378419973574673,0.5,2.0,7.843178608183892,PASS,0,0
S081,C03,11726,30,390.8666666666667,26,1.1538461538461537,6.100330796561281,13,1.4309563604753688,430.2307692307692,0.0,0.0,0.0,5.947626336657338,PASS,0,0
S081,C05,16215,30,540.5,27,1.1111111111111112,5.931627351322009,19,1.6627404556033638,542.8947368421053,7.581408699703957,0.0,2.0,4.762940998574017,FAIL,0,0
S081,C06,31954,70,456.48571428571427,55,1.2727272727272727,5.631624452948802,18,1.6563339654886904,484.6666666666667,8.417182899885319,0.0,1.0,5.118450581413441,PASS,0,0
S082,C01,55128,120,459.4,74,1.6216216216216217,7.082107933417502,84,1.7674361069490612,465.7261904761905,4.871293168664061,0.0,1.0,8.783726313996226,PASS,0,0
S082,C02,36772,70,525.3142857142857,52,1.3461538461538463,6.8168016208919004,18,1.9038696092945029,497.1111111111111,7.332382221162613,0.0,5.0,4.675360412018824,FAIL,0,0
S082,C03,63708,120,530.9,78,1.5384615384615385,6.55946235129581,51,2.1066501449090858,535.4901960784314,6.123971940574712,0.0,2.0,7.840538855716852,PASS,0,0
S082,C06,36955,70,527.9285714285714,59,1.1864406779661016,6.0364993313103374,17,1.9003188875932886,560.3529411764706,7.0133770615706,0.0,1.0,4.846541034396432,FAIL,0,0
S083,C01,12702,30,423.4,26,1.1538461538461537,7.20247750253479,15,2.266700014247986,395.46666666666664,4.935594879375726,0.0,2.0,5.196980337990288,PASS,0,0
S083,C02,31056,70,443.65714285714284,55,1.2727272727272727,7.267743261946355,21,1.685348886079741,371.8095238095238,7.260116095659497,0.5,4.0,6.449758087916605,PASS,0,0
S083,C04,55571,120,463.09166666666664,73,1.643835616438356,6.327500887585127,25,2.11604985469896,597.72,8.193534777175016,0.6666666666666666,3.0,6.691235216937365,PASS,0,0
S083,C05,54871,120,457.2583333333333,77,1.5584415584415585,6.252229647881126,83,1.8757130687117636,448.33734939759034,7.656789560193973,0.0,2.0,6.2242823752770935,PASS,0,0
S084,C01,32262,70,460.8857142857143,50,1.4,6.7451733283234,45,2.1371670094227904,443.9111111111111,6.61955944165337,0.0,2.0,6.103930867622511,PASS,0,0
S084,C02,58221,120,485.175,81,1.4814814814814814,6.505617501954224,45,1.8746828574449919,474.4888888888889,6.952110879829547,0.2,5.0,4.7545273561778885,FAIL,0,0
S084,C04,16028,30,534.2666666666667,27,1.1111111111111112,7.721834530743191,8,1.2518400715169997,465.0,6.284636200176808,0.0,3.0,8.530842233349414,PASS,0,0
S084,C05,13022,30,434.06666666666666,27,1.1111111111111112,5.840669128071491,22,1.8422420268524309,433.72727272727275,4.443065827987956,0.0,1.0,4.837545988376967,FAIL,0,0
S085,C02,14293,30,476.43333333333334,27,1.1111111111111112,6.497769050457139,8,1.782182611735819,597.125,7.74477040686362,0.2,5.0,4.415087045902079,FAIL,0,0
S085,C03,14888,30,496.26666666666665,27,1.1111111111111112,6.502274149462653,14,1.888110546231162,432.57142857142856,7.237757266808155,0.5,2.0,5.960566838089532,PASS,0,0
S085,C04,56985,120,474.875,79,1.518987341772152,6.055146259245612,28,2.2423683609957163,494.67857142857144,7.555904898627054,0.0,1.0,6.131621766425,PASS,0,0
S085,C05,33720,70,481.7142857142857,52,1.3461538461538463,6.3603800194221165,47,2.0875231015273963,492.8085106382979,7.0496158683971775,1.0,1.0,6.400080176051251,PASS,0,0
S086,C02,31498,70,449.9714285714286,57,1.2280701754385965,6.2163030444812195,22,2.266078408589263,414.40909090909093,7.425874072966924,0.25,4.0,6.746032946752687,PASS,0,0
S086,C04,12687,30,422.9,27,1.1111111111111112,6.421747713914059,12,1.5599636830021946,482.5833333333333,5.553536423877315,0.0,2.0,6.362357672125454,PASS,0,0
S086,C05,16927,30,564.2333333333333,25,1.2,6.156226012266862,21,1.8022061855193232,550.3333333333334,6.221672389523601,0.0,2.0,7.763889681637588,PASS,0,0
S086,C06,32580,70,465.42857142857144,54,1.2962962962962963,5.640487717889131,19,2.1988220322809435,439.10526315789474,5.078002786006991,0.0,2.0,7.293171948883142,PASS,0,0
S087,C01,30484,70,435.48571428571427,52,1.3461538461538463,6.428143972497666,44,1.815841448000531,398.4318181818182,6.6814915223706155,0.5,2.0,6.215714941284059,PASS,0,0
S087,C02,59447,120,495.39166666666665,73,1.643835616438356,6.9795425435261,44,2.034457551304405,477.3181818181818,7.246813693798018,0.4,5.0,5.333475722063655,PASS,0,0
S087,C04,53500,120,445.8333333333333,77,1.5584415584415585,6.28877782096071,32,1.9594478770754966,486.75,8.743373286636398,0.3333333333333333,3.0,5.139302341054973,PASS,0,0
S087,C06,12358,30,411.93333333333334,27,1.1111111111111112,6.388280353985356,7,2.2937873866705036,289.14285714285717,8.708030069663995,0.5,2.0,4.121366942161325,FAIL,0,0
S088,C02,33540,70,479.14285714285717,57,1.2280701754385965,5.717299133555779,21,2.0447506240592985,422.04761904761904,7.837821058715079,0.5,4.0,6.113937271663653,PASS,0,0
S088,C03,57611,120,480.09166666666664,75,1.6,6.544704921497272,47,2.0316803198268216,437.93617021276594,9.015545985047932,0.0,1.0,7.231722742551815,PASS,0,0
S088,C04,33404,70,477.2,51,1.3725490196078431,6.057756445758524,17,2.0037003132819513,446.7647058823529,7.4082307524673014,0.3333333333333333,3.0,6.459989221259833,PASS,0,0
S088,C05,12114,30,403.8,25,1.2,5.573525487741609,18,1.879813904821808,363.72222222222223,7.475843543781866,1.0,1.0,4.160012945337537,FAIL,0,0
S089,C01,32759,70,467.98571428571427,56,1.25,6.899358878239707,36,2.058437636751235,465.6111111111111,5.859011182750753,0.0,2.0,8.61298490232447,PASS,0,0
S089,C03,58710,120,489.25,74,1.6216216216216217,6.470582543725764,41,1.9606586662034964,487.2682926829268,7.60680411421893,0.5,2.0,8.402289053946111,PASS,0,0
S089,C04,34059,70,486.5571428571429,55,1.2727272727272727,8.110153085268829,12,1.3336596612313922,595.1666666666666,6.776922509813132,0.0,1.0,7.702737038005535,PASS,0,0
S089,C05,14017,30,467.23333333333335,30,1.0,6.949901863429163,15,2.3003427809264787,543.4666666666667,9.153543540911123,0.0,2.0,6.289838278927919,PASS,0,0
S090,C01,14774,30,492.46666666666664,26,1.1538461538461537,6.202478434425923,24,1.8970493976904956,494.75,8.361439067274798,0.0,1.0,4.174662997480682,FAIL,0,0
S090,C02,33617,70,480.24285714285713,57,1.2280701754385965,6.437247858006674,24,1.7600232369684456,506.7083333333333,8.64274037903514,0.0,4.0,4.364753941849011,FAIL,0,0
S090,C04,33599,70,479.98571428571427,55,1.2727272727272727,5.584793086024065,14,2.171673918568969,387.7857142857143,7.669499828179144,0.0,3.0,5.242815680995156,PASS,0,0
S090,C05,13406,30,446.8666666666667,27,1.1111111111111112,6.996370907414416,23,2.3821482080009426,486.4347826086956,6.3900350358981886,0.0,2.0,6.78982646829129,PASS,0,0
S091,C02,60242,120,502.01666666666665,78,1.5384615384615385,5.875176147075908,36,1.892471668408678,458.5,6.750322100732917,0.5,4.0,6.1081106413775625,PASS,0,0
S091,C03,55551,120,462.925,79,1.518987341772152,6.441711166646841,42,2.1222891959201657,452.85714285714283,5.6788800494505836,0.0,2.0,6.786663134460985,PASS,0,0
S091,C04,57480,120,479.0,71,1.6901408450704225,5.661777422471997,11,1.9562467055543578,578.7272727272727,8.368296627469896,0.5,2.0,7.461852696423563,PASS,0,0
S091,C05,33825,70,483.2142857142857,53,1.320754716981132,7.074838386863593,34,2.112951591640471,453.0,6.6914877088971725,0.0,2.0,6.719096145808594,PASS,0,0
S092,C03,32643,70,466.3285714285714,56,1.25,6.7067309965235715,21,2.241858957004528,479.9047619047619,4.243044121190909,0.0,1.0,4.451650279224937,FAIL,0,0
S092,C04,57315,120,477.625,73,1.643835616438356,6.450590675160914,30,1.8522146583312138,513.9666666666667,7.124353867168421,0.6666666666666666,3.0,8.054717622823894,PASS,0,0
S092,C05,51175,120,426.4583333333333,80,1.5,6.220916796295862,69,1.965316268091689,440.3768115942029,9.194791143356277,0.5,2.0,8.747042678422023,PASS,0,0
S092,C06,14695,30,489.8333333333333,27,1.1111111111111112,7.242950434355488,7,2.310743541059775,482.85714285714283,7.4740196185071675,0.5,2.0,6.93342517647825,PASS,0,0
S093,C02,31884,70,455.48571428571427,52,1.3461538461538463,6.021403196960663,19,2.0024118698032636,352.2105263157895,7.888970181981998,0.0,5.0,5.450158903828926,PASS,0,0
S093,C04,12969,30,432.3,26,1.1538461538461537,6.191717831634679,7,1.4957786827397939,623.5714285714286,6.78338582916279,0.0,3.0,5.661874705599875,PASS,0,0
S093,C05,14140,30,471.3333333333333,27,1.1111111111111112,6.824316771123193,21,1.8704169919938256,503.9047619047619,7.153492038164302,0.0,1.0,5.102820963339826,PASS,0,0
S093,C06,14006,30,466.8666666666667,28,1.0714285714285714,6.073827196408036,13,2.187474070974775,475.0,7.726522422506013,0.5,2.0,7.442998821630382,PASS,0,0
S094,C02,53146,120,442.8833333333333,79,1.518987341772152,6.153402696306629,28,2.0508180441376274,448.25,6.799210081048884,0.0,5.0,4.664098125309239,FAIL,0,0
S094,C03,14873,30,495.76666666666665,26,1.1538461538461537,6.7565926131063305,19,2.3030721538402426,514.3157894736842,7.673928621371761,0.0,1.0,5.619978935338944,PASS,0,0
S094,C04,14154,30,471.8,23,1.3043478260869565,6.282184819711496,6,0.9623700971384181,550.8333333333334,6.7042397154555005,0.0,3.0,7.050217215739759,PASS,0,0
S094,C06,13581,30,452.7,27,1.1111111111111112,6.812235921495987,9,1.5057243371909663,382.22222222222223,7.890483941725284,0.0,1.0,4.462479093540443,FAIL,0,0
S095,C02,53794,120,448.28333333333336,80,1.5,6.783566819826454,36,2.0193307900452684,549.0277777777778,5.728199674861249,0.25,4.0,4.064690809770556,FAIL,0,0
S095,C03,14489,30,482.96666666666664,24,1.25,6.2737634347775275,9,1.85557328616124,495.55555555555554,5.40261610332924,0.0,1.0,5.744862391262467,PASS,0,0
S095,C04,29693,70,424.1857142857143,53,1.320754716981132,6.508445686462527,15,2.473487641323273,551.3333333333334,7.219442762800586,0.0,3.0,7.322477640345673,PASS,0,0
S095,C05,14700,30,490.0,27,1.1111111111111112,6.447788119344989,18,2.21935061391301,460.3888888888889,8.195842709760147,1.0,2.0,8.036033232115717,PASS,0,0
S096,C01,13994,30,466.46666666666664,29,1.0344827586206897,6.6515957583490515,16,1.817375267795857,459.5,7.047421752187452,0.0,2.0,4.209750185068368,FAIL,0,0
S096,C02,59863,120,498.85833333333335,70,1.7142857142857142,6.019381045850223,46,2.242978219423682,531.9565217391304,6.8400910048045676,0.2,5.0,8.014578636374619,PASS,0,0
S096,C03,31255,70,446.5,53,1.320754716981132,6.5580212585676065,29,2.26150347879496,400.6551724137931,5.537896584002381,0.0,2.0,7.997061301122811,PASS,0,0
S096,C04,13831,30,461.03333333333336,27,1.1111111111111112,7.016400639596635,6,2.3692431245753096,391.8333333333333,6.975731731532131,0.0,3.0,5.7120733445785445,PASS,0,0
S097,C01,15624,30,520.8,25,1.2,6.1413661265455,23,1.8453959235913096,543.0869565217391,7.230209400712764,1.0,1.0,8.747373516750724,PASS,0,0
S097,C03,14170,30,472.3333333333333,26,1.1538461538461537,6.901752110127719,15,1.729739522733747,452.6,9.875044997996486,1.0,1.0,4.307187713487441,FAIL,0,0
S097,C04,33250,70,475.0,53,1.320754716981132,7.7939184702655036,12,1.6243887809209256,474.8333333333333,8.345197448220734,1.0,1.0,8.985126440459736,PASS,0,0
S097,C06,29974,70,428.2,50,1.4,6.966568026782555,29,1.983860483384741,364.13793103448273,4.327220510077479,0.0,1.0,8.308296553035682,PASS,0,0
S098,C02,14478,30,482.6,24,1.25,6.504938535681418,13,1.8585200842943181,518.4615384615385,6.945737023882401,0.0,5.0,7.598024796546184,PASS,0,0
S098,C03,63982,120,533.1833333333333,80,1.5,6.737963898534654,56,2.230458752467528,535.7678571428571,5.176189998156955,0.0,2.0,8.103041359810117,PASS,0,0
S098,C04,57412,120,478.43333333333334,77,1.5584415584415585,6.737656639932233,19,2.0268177189237053,414.5263157894737,6.853765326362573,0.0,2.0,5.672691797623104,PASS,0,0
S098,C06,11387,30,379.56666666666666,29,1.0344827586206897,6.189877541652438,9,2.4828767094281807,330.3333333333333,7.184272415874977,0.0,2.0,8.829511614717333,PASS,0,0
S099,C01,31382,70,448.3142857142857,51,1.3725490196078431,7.146064560498995,39,1.8851949941038648,461.94871794871796,8.692754328823668,0.0,2.0,4.853833318281804,FAIL,0,0
S099,C02,11531,30,384.3666666666667,29,1.0344827586206897,6.355208664694598,6,2.001301110471641,249.5,7.454556383564656,0.0,4.0,8.356339019799403,PASS,0,0
S099,C05,51486,120,429.05,75,1.6,6.31088695113486,66,2.085592892982261,435.8484848484849,5.637617578396597,0.5,2.0,5.39038424453952,PASS,0,0
S099,C06,17777,30,592.5666666666667,26,1.1538461538461537,5.206336762848879,8,1.6521073861628777,439.5,7.449329798054677,0.0,2.0,6.300431999489971,PASS,0,0
S100,C02,34855,70,497.92857142857144,57,1.2280701754385965,6.871294888447877,25,2.1721806602162728,494.24,7.933377280031825,0.2,5.0,7.850617771692156,PASS,0,0
S100,C03,51829,120,431.90833333333336,76,1.5789473684210527,6.531439765062251,44,2.038643894271792,426.6818181818182,8.314953991104364,0.0,2.0,5.80816266472444,PASS,0,0
S100,C04,13501,30,450.03333333333336,28,1.0714285714285714,6.62327209978186,5,2.0457379648248697,620.2,7.256483114979063,0.0,2.0,8.578107034599176,PASS,0,0
S100,C06,29875,70,426.7857142857143,55,1.2727272727272727,6.013020023453429,21,2.0187102224151547,420.95238095238096,4.792744029706687,0.0,1.0,6.385038851880612,PASS,0,0
S101,C01,14347,30,478.23333333333335,27,1.1111111111111112,6.882735348268402,15,2.1826672389265918,488.06666666666666,7.99890159467284,0.0,1.0,7.597723044420924,PASS,0,0
S101,C02,13065,30,435.5,27,1.1111111111111112,6.817418354965517,11,2.2188487119899416,490.3636363636364,7.790245652803739,0.0,5.0,4.910521278864105,FAIL,0,0
S101,C04,53852,120,448.76666666666665,78,1.5384615384615385,6.294833047094239,18,1.9061378688713282,423.5,6.620033860643738,0.0,3.0,5.755118624825075,PASS,0,0
S101,C05,55708,120,464.23333333333335,82,1.4634146341463414,6.09960457050359,75,1.799104514488046,466.02666666666664,5.019626963153244,1.0,1.0,6.608270114118961,PASS,0,0
S102,C01,13321,30,444.03333333333336,29,1.0344827586206897,6.798988933950782,15,2.0832686745268805,392.8666666666667,4.808190703453534,0.0,2.0,7.671195618948201,PASS,0,0
S102,C02,57926,120,482.71666666666664,74,1.6216216216216217,6.34009162747476,29,1.7632404675515956,553.7241379310345,7.825633102112536,0.0,3.0,4.566085913056299,FAIL,0,0
S102,C04,31602,70,451.45714285714286,46,1.5217391304347827,7.517664099882484,12,1.7034806663731261,306.4166666666667,7.004929353008097,0.0,3.0,4.737878728372092,FAIL,0,0
S102,C05,12495,30,416.5,26,1.1538461538461537,6.624576520393855,17,1.8820791323549868,450.8235294117647,6.876776823752905,0.0,2.0,7.352308205014072,PASS,0,0
S103,C01,56172,120,468.1,80,1.5,6.7258523524782206,72,2.0891475176127194,471.77777777777777,0.0,0.0,0.0,8.918351920355626,PASS,0,0
S103,C02,35211,70,503.01428571428573,51,1.3725490196078431,6.224559177201056,20,2.2382470278269593,569.9,5.34633716846885,0.25,4.0,8.129609159024573,PASS,0,0
S103,C03,29680,70,424.0,56,1.25,6.203310426753806,37,1.9783998068186868,407.2162162162162,8.135636900356099,0.0,2.0,7.939790899580466,PASS,0,0
S103,C05,53323,120,444.35833333333335,78,1.5384615384615385,6.317459841953492,74,2.10981886349745,419.8783783783784,8.774975638076235,0.0,1.0,5.996104204770056,PASS,0,0
S104,C02,12762,30,425.4,25,1.2,6.591490574604362,7,2.6348481425027432,510.57142857142856,7.5850809193301965,0.0,4.0,4.812805008009029,FAIL,0,0
S104,C04,13158,30,438.6,25,1.2,6.55913686469655,5,2.3122415555198934,391.4,6.847884243340505,0.6666666666666666,3.0,5.639834971602657,PASS,0,0
S104,C05,13106,30,436.8666666666667,25,1.2,6.672901136899298,15,2.496640949792021,440.8666666666667,7.271188766495837,0.0,2.0,7.248111673803076,PASS,0,0
S104,C06,28251,70,403.5857142857143,54,1.2962962962962963,6.458296532449865,24,2.149893656196761,384.8333333333333,7.860615753350471,0.5,2.0,5.528674047821639,PASS,0,0
S105,C02,26391,70,377.01428571428573,56,1.25,6.244337996008528,19,1.8530332873309325,362.63157894736844,8.583332968997542,0.25,4.0,4.74393230399372,FAIL,0,0
S105,C03,12198,30,406.6,27,1.1111111111111112,6.0403066899377675,12,2.040779221019248,449.9166666666667,7.424455208017592,0.0,1.0,8.868466213545643,PASS,0,0
S105,C04,51496,120,429.1333333333333,79,1.518987341772152,5.9383837457420485,24,2.058568195697919,476.5833333333333,8.016801588728448,0.0,3.0,7.278346457830884,PASS,0,0
S105,C06,32904,70,470.0571428571429,52,1.3461538461538463,6.503672243453435,23,1.9057978404284086,495.8695652173913,7.735708360894139,0.0,1.0,6.413411356319262,PASS,0,0
S106,C01,51589,120,429.90833333333336,75,1.6,6.333034271474554,71,2.123562568788726,409.7042253521127,7.242776017924326,0.5,2.0,5.146989121519708,PASS,0,0
S106,C03,51441,120,428.675,74,1.6216216216216217,6.879551588898062,60,1.8333567113684686,424.5833333333333,6.54687646688261,0.0,1.0,4.000526192218567,FAIL,0,0
S106,C04,14981,30,499.3666666666667,29,1.0344827586206897,6.938867066951097,5,1.3073253104288851,296.2,5.20567911614056,0.0,2.0,6.339900624870396,PASS,0,0
S106,C05,54016,120,450.1333333333333,78,1.5384615384615385,6.98184458627353,77,1.9763269208055623,446.93506493506493,5.3673525128999895,0.0,1.0,8.472298821766232,PASS,0,0
S107,C02,31566,70,450.9428571428571,53,1.320754716981132,6.832325560644903,23,2.147500052395902,480.4782608695652,6.913912461019374,0.0,5.0,4.74133506269086,FAIL,0,0
S107,C04,13329,30,444.3,24,1.25,7.9554253453072965,7,0.9351742554488646,386.0,6.626662198562123,0.0,3.0,7.899544880587634,PASS,0,0
S107,C05,59338,120,494.48333333333335,81,1.4814814814814814,6.370129996925364,68,2.159541282613993,483.97058823529414,8.645202219342657,0.0,1.0,8.528003716661289,PASS,0,0
S107,C06,13267,30,442.23333333333335,26,1.1538461538461537,6.648969759936775,11,2.1811247135993033,514.9090909090909,8.144534681472479,0.0,2.0,8.033360880336883,PASS,0,0
S108,C01,32184,70,459.77142857142854,58,1.206896551724138,7.3949886691874855,39,1.9577433939992457,465.2307692307692,8.338991659135202,0.0,2.0,4.592588443325698,FAIL,0,0
S108,C02,15625,30,520.8333333333334,27,1.1111111111111112,5.742281897883846,11,1.8755483150779821,556.6363636363636,7.325408211591205,0.25,4.0,6.327991064560502,PASS,0,0
S108,C05,55662,120,463.85,81,1.4814814814814814,6.3468077517418795,63,2.231312464321322,512.047619047619,7.785287831468112,0.0,2.0,6.31589955739203,PASS,0,0
S108,C06,14240,30,474.6666666666667,28,1.0714285714285714,6.378213627249054,11,2.087137511996595,480.8181818181818,7.162720106162741,0.5,2.0,6.4851301675619615,PASS,0,0
S109,C01,16376,30,545.8666666666667,26,1.1538461538461537,6.489523394605852,15,2.4964944752486167,567.3333333333334,5.941387978680005,0.5,2.0,5.50317531438507,PASS,0,0
S109,C04,16085,30,536.1666666666666,24,1.25,5.259756215197445,3,0.6939695497266635,429.0,5.482896698498321,0.0,2.0,6.330032922872635,PASS,0,0
S109,C05,16786,30,559.5333333333333,28,1.0714285714285714,6.539855268093345,19,1.8725156296488032,569.578947368421,7.063109412092087,1.0,1.0,7.576635361600779,PASS,0,0
S109,C06,56486,120,470.71666666666664,72,1.6666666666666667,5.880533871176168,32,1.6352197020864632,417.96875,6.706579288295222,0.0,1.0,7.630959227693501,PASS,0,0
S110,C02,12611,30,420.3666666666667,25,1.2,7.269250830932482,9,1.8486035254816429,413.55555555555554,7.2256824808005575,0.4,5.0,4.438230285439239,FAIL,0,0
S110,C04,63370,120,528.0833333333334,78,1.5384615384615385,6.4117900874032365,26,2.0389317886294793,550.5384615384615,6.962870004187519,0.3333333333333333,3.0,8.86311926619802,PASS,0,0
S110,C05,10651,30,355.03333333333336,26,1.1538461538461537,6.4969015706883715,22,2.0831850237756306,363.27272727272725,6.522670904480962,0.0,1.0,7.368070772967755,PASS,0,0
S110,C06,34092,70,487.0285714285714,52,1.3461538461538463,6.122142987095257,21,2.181053074710552,495.04761904761904,6.933287651447975,0.0,1.0,4.915446167458977,FAIL,0,0
S111,C01,12840,30,428.0,29,1.0344827586206897,6.706178371379158,23,2.056747612646211,482.5217391304348,5.6881098302418485,0.5,2.0,7.579493361142934,PASS,0,0
S111,C02,61253,120,510.44166666666666,72,1.6666666666666667,7.0030603386555725,33,1.8404162995924607,507.030303030303,5.51943952742443,0.2,5.0,5.687476386570887,PASS,0,0
S111,C03,54435,120,453.625,71,1.6901408450704225,6.386477523143921,50,1.999402968126209,434.16,9.357596512938457,0.5,2.0,6.25923453265982,PASS,0,0
S111,C06,14425,30,480.8333333333333,25,1.2,6.702105611508853,11,2.2478313990920866,519.1818181818181,4.226300483223594,1.0,1.0,5.402657268655661,PASS,0,0
S112,C02,35666,70,509.51428571428573,51,1.3725490196078431,7.020776564269111,21,2.0867028824333964,554.7142857142857,8.365328146233843,0.0,4.0,5.590309579385509,PASS,0,0
S112,C03,14583,30,486.1,28,1.0714285714285714,6.361591341265412,11,2.10488897249396,472.54545454545456,7.903030524071217,0.5,2.0,8.05013534420443,PASS,0,0
S112,C04,16007,30,533.5666666666667,25,1.2,7.246704549304309,4,1.3690742373098095,465.5,6.673342932087315,0.0,3.0,4.821737891160587,FAIL,0,0
S112,C05,28332,70,404.74285714285713,54,1.2962962962962963,6.386611990474098,47,1.9681470445540472,432.1063829787234,6.2724934624633315,0.0,2.0,8.477978510193866,PASS,0,0
S113,C02,53168,120,443.06666666666666,77,1.5584415584415585,6.0029660403958,41,2.13349498874332,419.9024390243902,6.710341858251657,0.2,5.0,8.869392395529133,PASS,0,0
S113,C03,31152,70,445.0285714285714,51,1.3725490196078431,6.987718613960895,25,2.3026076334294667,427.88,5.684553812311992,0.0,1.0,7.154194017998816,PASS,0,0
S113,C04,16253,30,541.7666666666667,30,1.0,7.5311188646593745,5,1.798885096947728,541.2,8.766887681682798,0.0,3.0,4.996696867668076,FAIL,0,0
S113,C06,53923,120,449.35833333333335,78,1.5384615384615385,5.9016809569348245,44,2.2446666953440517,431.9318181818182,8.045330700196189,0.5,2.0,8.633767203153104,PASS,0,0
S114,C01,28257,70,403.6714285714286,53,1.320754716981132,7.027235286587972,39,1.8650913884830038,406.2307692307692,8.132151887619282,0.0,1.0,8.733583660699344,PASS,0,0
S114,C03,13793,30,459.76666666666665,24,1.25,6.095153749769407,15,2.1503959704346047,384.3333333333333,4.6019901583092375,0.0,1.0,5.971480756646926,PASS,0,0
S114,C04,15491,30,516.3666666666667,25,1.2,6.050441008094812,6,2.504844418058341,477.1666666666667,7.213402349319593,0.3333333333333333,3.0,8.773486027942972,PASS,0,0
S114,C05,30456,70,435.0857142857143,52,1.3461538461538463,6.415507060060859,40,1.8643388308869644,414.35,9.139643161136988,0.0,1.0,4.956168949676331,FAIL,0,0
S115,C01,34154,70,487.9142857142857,53,1.320754716981132,6.3589303509117,32,1.835271665137837,500.84375,7.0540138528425125,0.5,2.0,6.556608777139287,PASS,0,0
S115,C02,16078,30,535.9333333333333,25,1.2,5.706221806668206,8,1.8798190312181018,606.25,5.762309361044794,0.0,5.0,6.376038688392059,PASS,0,0
S115,C05,17457,30,581.9,25,1.2,5.574860766540159,13,1.5421965559695219,685.6923076923077,5.264308151220408,0.5,2.0,7.406387869071088,PASS,0,0
S115,C06,59899,120,499.15833333333336,73,1.643835616438356,6.438073610703926,43,2.0054501646358758,457.5581395348837,7.323099817731555,0.0,2.0,7.314786935452116,PASS,0,0
S116,C01,14480,30,482.6666666666667,30,1.0,6.555069217439569,20,2.086457182077271,443.95,8.109406076485845,0.0,2.0,6.055342503042027,PASS,0,0
S116,C02,11763,30,392.1,28,1.0714285714285714,6.436229725703826,9,2.5043402673058885,393.44444444444446,8.990573067290677,0.0,3.0,4.005168930138987,FAIL,0,0
S116,C04,32492,70,464.1714285714286,55,1.2727272727272727,7.04657887553585,8,1.7375264863491828,394.125,4.924727323945745,0.3333333333333333,3.0,6.705316777239572,PASS,0,0
S116,C05,29786,70,425.51428571428573,56,1.25,6.858354316370674,33,2.1130804164415595,456.3030303030303,8.425848472552653,0.0,2.0,5.546172968336057,PASS,0,0
S117,C01,14573,30,485.76666666666665,28,1.0714285714285714,6.225331183130669,20,2.2178262654016887,511.7,7.571890568532687,1.0,1.0,6.1834147428100525,PASS,0,0
S117,C02,33785,70,482.64285714285717,52,1.3461538461538463,6.618992520838593,19,1.870072414665203,450.94736842105266,6.911887718764327,0.25,4.0,6.691993204721289,PASS,0,0
S117,C03,56043,120,467.025,73,1.643835616438356,6.272905480241058,53,1.896151946188379,490.1509433962264,9.662237987180177,0.5,2.0,6.679580336577097,PASS,0,0
S117,C06,15865,30,528.8333333333334,27,1.1111111111111112,4.36912981557881,5,0.6986195697569535,565.6,8.042042192333605,0.0,2.0,4.410627195410928,FAIL,0,1
S118,C02,13479,30,449.3,28,1.0714285714285714,6.785603642750155,11,2.1649141309497435,327.90909090909093,6.33891723605302,0.25,4.0,4.099032307908156,FAIL,0,0
S118,C04,16331,30,544.3666666666667,27,1.1111111111111112,5.863231781825539,3,1.1275599933410845,675.6666666666666,4.856354273249588,0.3333333333333333,3.0,7.892700956491657,PASS,0,0
S118,C05,14363,30,478.76666666666665,27,1.1111111111111112,6.614080863175452,20,2.063128634302911,506.05,8.669534496337944,0.5,2.0,8.871118503111866,PASS,0,0
S118,C06,12482,30,416.06666666666666,28,1.0714285714285714,5.435707166566789,6,2.0505678159138663,455.1666666666667,8.337037518137615,0.0,1.0,4.12598810526785,FAIL,0,0
S119,C01,32488,70,464.1142857142857,52,1.3461538461538463,6.116638278550492,40,2.088540897700324,430.425,4.6713253870074105,1.0,1.0,6.232456680231473,PASS,0,0
S119,C02,35512,70,507.3142857142857,52,1.3461538461538463,6.738885310207083,31,2.1559540403987745,556.8709677419355,6.235796150770165,0.8,5.0,7.776634363720538,PASS,0,0
S119,C04,27830,70,397.57142857142856,52,1.3461538461538463,5.935039946447264,11,1.69511440689875,454.6363636363636,7.500785695825999,0.0,3.0,7.867757977178566,PASS,0,0
S119,C06,34164,70,488.0571428571429,51,1.3725490196078431,6.498706906331028,21,2.413066493390151,509.2857142857143,8.932317426234505,0.0,2.0,4.164217724765455,FAIL,0,0
S120,C01,14717,30,490.56666666666666,27,1.1111111111111112,7.57055993530005,17,2.0602133744353974,455.05882352941177,6.769368896338255,0.0,2.0,8.03158837080816,PASS,0,0
S120,C03,34298,70,489.9714285714286,56,1.25,6.234195898062143,32,1.9806356707195778,444.46875,9.661632310515325,1.0,1.0,6.079992762504162,PASS,0,0
S120,C05,55235,120,460.2916666666667,73,1.643835616438356,6.328362681116828,73,1.9961192196359234,427.7260273972603,7.940940882894264,1.0,1.0,5.797397440808572,PASS,0,0
S120,C06,52751,120,439.59166666666664,78,1.5384615384615385,6.722675592787239,32,2.0009495245066433,470.5,6.146827008022289,0.0,2.0,6.885605701853226,PASS,0,0
S121,C01,50933,120,424.44166666666666,77,1.5584415584415585,6.535798080979003,75,2.002035953516594,443.1066666666667,7.0025878549307174,0.0,2.0,7.59219521668547,PASS,0,0
S121,C04,56871,120,473.925,76,1.5789473684210527,6.335005884863405,28,2.028213514129882,394.2857142857143,5.999976786315887,0.3333333333333333,3.0,5.230952036071463,PASS,0,0
S121,C05,55744,120,464.53333333333336,77,1.5584415584415585,6.194889926910146,69,2.04930920563541,462.60869565217394,7.734043086028684,0.0,2.0,4.721915748148535,FAIL,0,0
S121,C06,59412,120,495.1,77,1.5584415584415585,6.555125893480171,29,2.1061024847367684,568.6551724137931,6.105646728684609,0.0,2.0,8.248628806128416,PASS,0,0
S122,C01,57739,120,481.15833333333336,76,1.5789473684210527,6.693646722563633,69,2.0934631339578402,463.9130434782609,7.7289094476677676,0.0,2.0,8.523998352397438,PASS,0,0
S122,C02,14729,30,490.96666666666664,26,1.1538461538461537,6.585230853088157,14,1.5669993583486552,508.2857142857143,6.113525065382878,0.0,5.0,8.315997406199479,PASS,0,0
S122,C03,58678,120,488.98333333333335,83,1.4457831325301205,6.382825295531322,58,2.169133116139823,484.1896551724138,6.561143615906513,0.0,2.0,6.009447541730765,PASS,0,0
S122,C05,56811,120,473.425,78,1.5384615384615385,6.383045601561175,70,1.9481000988384787,491.01428571428573,6.277357890778069,0.0,2.0,7.170930309384001,PASS,0,0
S123,C03,14802,30,493.4,26,1.1538461538461537,6.779018949175441,9,2.259067647953801,487.55555555555554,7.297996657948664,0.5,2.0,8.64923667915543,PASS,0,0
S123,C04,14417,30,480.56666666666666,28,1.0714285714285714,5.969487771119064,9,1.7789546021041156,454.1111111111111,5.069927425302422,0.6666666666666666,3.0,6.736391508951519,PASS,0,0
S123,C05,58216,120,485.1333333333333,75,1.6,6.528265262749769,70,1.9681425354326962,479.1714285714286,4.181424035128691,0.5,2.0,7.002957054074456,PASS,0,0
S123,C06,58722,120,489.35,77,1.5584415584415585,6.814262852357545,34,1.7498334537777527,543.0588235294117,6.243467759875263,0.0,1.0,5.936172662912642,PASS,0,0
S124,C01,56414,120,470.1166666666667,81,1.4814814814814814,6.609273130223134,69,2.200312988274589,486.71014492753625,6.720916772457268,0.0,2.0,4.092915460963085,FAIL,0,0
S124,C02,14884,30,496.1333333333333,28,1.0714285714285714,6.999141622982454,8,2.3009349100061467,383.0,7.567983646135249,0.0,5.0,5.70653591829614,PASS,0,0
S124,C05,13983,30,466.1,26,1.1538461538461537,6.5498403362833,18,1.6513523960317937,463.44444444444446,8.577109629702385,0.0,1.0,5.624273969676901,PASS,0,0
S124,C06,14841,30,494.7,26,1.1538461538461537,5.700016732245654,9,1.8305638218405058,544.8888888888889,5.662491096757145,0.0,1.0,6.363278695829505,PASS,0,0
S125,C01,12921,30,430.7,21,1.4285714285714286,6.744364309427767,11,1.6920527102146619,451.8181818181818,6.29555501912187,0.5,2.0,8.4573441827662,PASS,0,0
S125,C03,33650,70,480.7142857142857,56,1.25,6.1427760026470235,30,2.0570438654665884,431.7,8.940809848505157,0.5,2.0,4.263054304006974,FAIL,0,0
S125,C05,16186,30,539.5333333333333,24,1.25,6.154987959351977,16,2.4046556553115312,502.75,8.162321137139312,0.5,2.0,5.183319288546825,PASS,0,0
S125,C06,53742,120,447.85,73,1.643835616438356,6.904213059310768,32,2.027961726257764,370.59375,4.185254318149568,0.0,1.0,8.972214102563981,PASS,0,0
S126,C01,59791,120,498.2583333333333,76,1.5789473684210527,6.6636393988052305,67,2.005151251900745,472.4925373134328,6.679047199954828,0.0,2.0,6.033911633203447,PASS,0,0
S126,C03,14034,30,467.8,26,1.1538461538461537,7.032715163849937,14,2.332202865786087,425.14285714285717,5.531411894742925,0.0,2.0,8.537536748670526,PASS,0,0
S126,C04,30749,70,439.27142857142854,55,1.2727272727272727,6.5401548438184705,12,2.249701894420019,373.6666666666667,4.592647388321164,0.0,3.0,8.385517276683373,PASS,0,0
S126,C05,37462,70,535.1714285714286,57,1.2280701754385965,7.114115716333858,39,1.9913172243416413,525.3589743589744,7.5253819612439425,1.0,2.0,8.961203495191226,PASS,0,0
S127,C01,52551,120,437.925,78,1.5384615384615385,6.41151741329364,72,2.09116601583539,437.0416666666667,8.23130864102023,0.5,2.0,4.5866374282281726,FAIL,0,0
S127,C03,31146,70,444.9428571428571,55,1.2727272727272727,6.691198941296401,33,2.137587241168523,457.8484848484849,8.350042527655102,0.0,2.0,8.654830825319966,PASS,0,0
S127,C05,54589,120,454.90833333333336,81,1.4814814814814814,6.796426177992544,73,2.0380416737574487,456.1232876712329,7.827307528423335,0.0,1.0,8.624680943615157,PASS,0,0
S127,C06,29736,70,424.8,55,1.2727272727272727,6.024742091693839,17,1.946135419077767,520.9411764705883,6.413580770779953,0.0,2.0,5.032644238545784,PASS,0,0
S128,C01,11989,30,399.6333333333333,26,1.1538461538461537,6.535149771439814,21,2.1435792705358407,413.04761904761904,8.962148637295098,0.0,1.0,8.587191134385094,PASS,0,0
S128,C02,15414,30,513.8,27,1.1111111111111112,5.548429351740459,7,1.7268450094887846,467.0,5.410163050900648,0.25,4.0,7.201393578069917,PASS,0,0
S128,C04,30709,70,438.7,51,1.3725490196078431,6.460894338540938,15,2.237991462784197,392.53333333333336,7.0842957788985785,0.0,2.0,7.407051333026293,PASS,0,0
S128,C06,29296,70,418.51428571428573,48,1.4583333333333333,6.9488840686194004,18,2.542895609570085,388.55555555555554,8.153322858611464,0.5,2.0,5.575161447221769,PASS,0,0
S129,C02,33322,70,476.0285714285714,50,1.4,6.443767348996937,22,1.8905615435986465,417.1818181818182,6.5375785186051125,0.0,4.0,8.782800228777862,PASS,0,0
S129,C03,52654,120,438.78333333333336,69,1.7391304347826086,5.767712388705506,45,1.8943001244589246,407.68888888888887,5.700205373338768,0.0,2.0,7.614724260706389,PASS,0,0
S129,C04,55353,120,461.275,74,1.6216216216216217,6.139654318862157,22,2.1643966708454125,528.7272727272727,8.524650756576788,0.0,3.0,7.841472932718688,PASS,0,0
S129,C05,58218,120,485.15,76,1.5789473684210527,6.51962099363202,72,2.1309177177773986,497.8611111111111,7.154271603738886,0.0,2.0,8.7096103316179,PASS,0,0
S130,C02,36830,70,526.1428571428571,57,1.2280701754385965,6.570216956696507,26,2.0685436190454762,573.3461538461538,6.185890470615666,0.0,4.0,4.042483290681513,FAIL,0,0
S130,C03,12594,30,419.8,29,1.0344827586206897,6.435635820706261,11,1.6695940324868115,532.1818181818181,7.002701934663801,0.0,2.0,4.024635759674403,FAIL,0,0
S130,C04,29371,70,419.5857142857143,54,1.2962962962962963,6.5947953745030174,18,1.5879824728263334,465.8888888888889,6.528574466724815,0.0,3.0,6.921316661573456,PASS,0,0
S130,C05,34333,70,490.4714285714286,55,1.2727272727272727,6.294363429555627,37,2.011315532114979,459.43243243243245,5.8851912958071,0.0,2.0,4.107860991057278,FAIL,0,0
S131,C02,57343,120,477.85833333333335,70,1.7142857142857142,6.709332941723979,33,2.099315469538191,493.1515151515151,6.785265822478806,0.0,5.0,8.92072295966088,PASS,0,0
S131,C04,32384,70,462.62857142857143,51,1.3725490196078431,5.8553330603279345,20,1.9101262248865063,441.15,7.735421635835877,0.3333333333333333,3.0,5.616882813628074,PASS,0,0
S131,C05,34679,70,495.4142857142857,57,1.2280701754385965,6.607443541744966,47,2.153886523963031,503.1914893617021,7.810775577173169,0.0,2.0,8.024031128498478,PASS,0,0
S131,C06,33417,70,477.3857142857143,57,1.2280701754385965,6.799178458941633,20,1.8880692183856005,586.45,6.9425087506718555,0.0,2.0,7.338801507950821,PASS,0,0
S132,C02,33509,70,478.7,51,1.3725490196078431,6.8451368934311745,24,1.8311941030330594,464.7083333333333,5.9630044888581,0.0,4.0,8.658844246147694,PASS,0,0
S132,C03,34079,70,486.84285714285716,53,1.320754716981132,6.542083576228888,23,2.170740677975713,491.5652173913044,5.778146693426439,0.0,1.0,4.051730432709476,FAIL,0,0
S132,C05,13321,30,444.03333333333336,25,1.2,6.624102378378171,17,1.9752023213458219,403.8235294117647,6.524638846497459,0.5,2.0,7.428416359745929,PASS,0,0
S132,C06,57605,120,480.0416666666667,74,1.6216216216216217,6.57322723513621,46,1.885282134081802,483.2608695652174,7.2735128103804785,0.0,2.0,6.91201601895286,PASS,0,0
S133,C01,34421,70,491.72857142857146,58,1.206896551724138,6.197147122661728,43,1.9476604570887504,496.0232558139535,5.393303211387476,0.5,2.0,6.463264984319788,PASS,0,0
S133,C02,55530,120,462.75,83,1.4457831325301205,6.126013084161348,38,1.9450180627004432,421.0,6.822432122016467,0.2,5.0,8.712523109053025,PASS,0,0
S133,C03,53246,120,443.71666666666664,77,1.5584415584415585,6.286929318456232,43,1.8808629367149894,442.74418604651163,8.314422404726194,0.0,2.0,5.535249151243703,PASS,0,0
S133,C06,33866,70,483.8,54,1.2962962962962963,6.466152910196808,17,2.0931609660587887,446.2352941176471,9.530224643066935,0.0,1.0,5.3138254378647805,PASS,0,0
S134,C02,13742,30,458.06666666666666,26,1.1538461538461537,6.809239107527981,5,1.952613543110444,432.6,5.509675450806503,0.0,5.0,7.39423030101979,PASS,0,0
S134,C04,57168,120,476.4,79,1.518987341772152,6.368033289236247,28,1.8052477742543633,398.0,6.984108200869975,0.0,2.0,4.30148187866619,FAIL,0,0
S134,C05,51312,120,427.6,79,1.518987341772152,6.689616401983294,72,1.983564868253687,406.55555555555554,8.42517973590282,0.0,2.0,7.93886089989603,PASS,0,0
S134,C06,55951,120,466.2583333333333,74,1.6216216216216217,6.449162411098844,33,2.2763117223408007,445.1818181818182,7.687436587957746,0.0,2.0,4.464662829740793,FAIL,0,0
S135,C01,32425,70,463.2142857142857,51,1.3725490196078431,6.0658757033744495,39,2.193853103982419,488.64102564102564,6.09713176331504,0.0,2.0,5.743809390486446,PASS,0,0
S135,C03,13569,30,452.3,27,1.1111111111111112,6.207904822575821,14,2.2837688277329633,499.7142857142857,5.539904546179347,0.0,2.0,7.937615039312491,PASS,0,0
S135,C04,36863,70,526.6142857142858,51,1.3725490196078431,6.026302497956882,17,2.262924397478677,515.3529411764706,7.078951504821437,0.3333333333333333,3.0,4.521158321543805,FAIL,0,0
S135,C06,13215,30,440.5,25,1.2,5.983434676952857,11,2.0921084813209765,370.0,6.875797897970301,0.5,2.0,8.484053844418243,PASS,0,0
S136,C02,52289,120,435.7416666666667,76,1.5789473684210527,7.135463252298435,31,1.7883235413508014,481.48387096774195,8.584200945324737,0.0,5.0,4.724634877173323,FAIL,0,0
S136,C03,11614,30,387.1333333333333,26,1.1538461538461537,6.196760017224556,15,2.1201953085208567,351.1333333333333,6.6468940473933085,0.0,2.0,4.704539878229716,FAIL,0,0
S136,C04,32729,70,467.5571428571429,53,1.320754716981132,6.603418900204771,10,2.311291072978623,464.9,6.152358317061585,0.0,2.0,6.485822886019751,PASS,0,0
S136,C05,58658,120,488.81666666666666,82,1.4634146341463414,6.387344961789741,64,1.8910247939118416,486.796875,6.110738743735501,0.0,2.0,5.190378404485282,PASS,0,0
S137,C03,55581,120,463.175,75,1.6,5.924290353727852,43,2.0134246905461493,420.04651162790697,7.460103000696361,0.0,2.0,5.445849673639888,PASS,0,0
S137,C04,15101,30,503.3666666666667,30,1.0,4.82593171723277,7,1.3141006187811461,464.7142857142857,7.652486133463245,0.0,1.0,5.182724816929085,PASS,0,1
S137,C05,55075,120,458.9583333333333,80,1.5,6.39845920719591,78,1.9885067434989532,457.78205128205127,8.660675421761507,0.5,2.0,5.034729432943224,PASS,0,0
S137,C06,12097,30,403.23333333333335,25,1.2,7.130920410794501,8,1.8378169870455427,529.25,6.818427647188459,0.0,2.0,6.107903901228024,PASS,0,0
S138,C01,34195,70,488.5,55,1.2727272727272727,6.675060024356816,47,1.8646284063895624,483.5531914893617,0.0,0.0,0.0,8.05678422308453,PASS,0,0
S138,C02,51544,120,429.53333333333336,73,1.643835616438356,7.007180332636912,35,1.8852790137787823,459.0571428571429,6.301738242409198,0.2,5.0,5.610122857293291,PASS,0,0
S138,C05,34037,70,486.24285714285713,53,1.320754716981132,6.6164750846146125,38,2.2092558079923696,478.7368421052632,6.619119935852325,0.5,2.0,8.359181112665334,PASS,0,0
S138,C06,35783,70,511.1857142857143,49,1.4285714285714286,6.574141078785874,22,1.7558610529955851,522.4090909090909,6.024123764254656,0.0,1.0,8.104741833424008,PASS,0,0
S139,C02,33988,70,485.54285714285714,56,1.25,5.843160816216464,19,2.0957075462069477,605.0526315789474,7.568191267090532,0.0,4.0,4.131338734867202,FAIL,0,0
S139,C03,32135,70,459.07142857142856,54,1.2962962962962963,6.457250232586716,30,1.9599720769824303,502.0,5.771173400197929,0.0,2.0,5.553866866505957,PASS,0,0
S139,C04,54992,120,458.26666666666665,77,1.5584415584415585,6.317769150749215,27,2.0723881073524595,420.3333333333333,8.172721241805428,0.3333333333333333,3.0,6.531802884040717,PASS,0,0
S139,C05,51341,120,427.84166666666664,75,1.6,6.328011743024707,72,2.126616729160226,437.30555555555554,7.586593849726924,0.0,2.0,6.876264757189343,PASS,0,0
S140,C02,13790,30,459.6666666666667,27,1.1111111111111112,6.625341082816347,13,1.8523664537463156,551.0,7.341550066471117,0.25,4.0,7.613924588836245,PASS,0,0
S140,C04,53347,120,444.55833333333334,70,1.7142857142857142,6.066633785509998,30,2.047107581959762,465.46666666666664,6.5462672559284405,0.0,3.0,7.981361051791076,PASS,0,0
S140,C05,30700,70,438.57142857142856,49,1.4285714285714286,6.927720758914911,42,2.1216790738826234,427.7857142857143,6.743487202919118,0.0,2.0,6.178977788907086,PASS,0,0
S140,C06,33868,70,483.8285714285714,54,1.2962962962962963,6.493769661225943,23,1.7802949681832034,520.7391304347826,6.516015745991855,0.0,2.0,5.386012854703064,PASS,0,0
S141,C01,31059,70,443.7,49,1.4285714285714286,6.255753011040241,36,2.064991821086085,429.6111111111111,8.789836906416372,0.0,2.0,4.726712185534152,FAIL,0,0
S141,C03,59066,120,492.21666666666664,73,1.643835616438356,6.6638919788764746,43,2.030790081744707,471.0,7.062343326689673,0.5,2.0,5.264767919820185,PASS,0,0
S141,C05,14010,30,467.0,29,1.0344827586206897,6.362499568230316,16,2.1511074358654376,442.6875,5.021191840082032,0.0,2.0,8.029893850785845,PASS,0,0
S141,C06,13390,30,446.3333333333333,27,1.1111111111111112,5.379458490924696,10,1.2342977748278052,402.2,6.927426089187682,0.0,2.0,5.518761320286007,PASS,0,0
S142,C02,55748,120,464.56666666666666,82,1.4634146341463414,6.127961791229749,37,1.7519720997228325,437.27027027027026,7.300930626685644,0.2,5.0,4.067739046830748,FAIL,0,0
S142,C03,56517,120,470.975,79,1.518987341772152,6.479742394334422,46,1.8410647351972793,503.67391304347825,6.726647288483361,0.5,2.0,5.577165929046647,PASS,0,0
S142,C04,13551,30,451.7,28,1.0714285714285714,5.345647330579121,7,2.248781905861032,479.2857142857143,5.389240060963406,0.3333333333333333,3.0,6.937468108403792,PASS,0,0
S142,C06,34878,70,498.25714285714287,52,1.3461538461538463,5.226973966391663,20,1.5584828011646312,512.85,0.0,0.0,0.0,6.553320468849945,PASS,0,0
S143,C03,28679,70,409.7,50,1.4,6.457853940300552,33,1.9637549694134988,374.3636363636364,4.460892998851202,1.0,1.0,5.874525325510636,PASS,0,0
S143,C04,30227,70,431.8142857142857,54,1.2962962962962963,6.653531609549314,16,2.3696862276676494,528.9375,8.75587549108893,0.5,2.0,5.937786793060879,PASS,0,0
S143,C05,52289,120,435.7416666666667,76,1.5789473684210527,6.790307197163452,71,2.0392422993395405,459.3098591549296,8.90547985735924,1.0,1.0,5.242563950407707,PASS,0,0
S143,C06,33372,70,476.74285714285713,55,1.2727272727272727,6.968033243762687,19,2.013356375860541,411.36842105263156,7.958622412947319,0.0,2.0,6.176882714380445,PASS,0,0
S144,C03,32569,70,465.27142857142854,51,1.3725490196078431,6.6452367481369725,35,2.2728626996193855,495.22857142857146,7.1869028889366815,0.0,2.0,7.1610956491246105,PASS,0,0
S144,C04,32456,70,463.65714285714284,53,1.320754716981132,6.923530587684128,16,1.1874998892195863,404.375,6.216012256327974,0.3333333333333333,3.0,6.628195468324416,PASS,0,0
S144,C05,13469,30,448.96666666666664,26,1.1538461538461537,7.012980942885204,19,2.229081500039258,433.57894736842104,9.208041590807907,0.0,2.0,8.540857053563347,PASS,0,0
S144,C06,33282,70,475.45714285714286,56,1.25,5.9199819446679465,22,1.8598039396478419,497.54545454545456,7.975428388136398,0.0,2.0,8.029860688390041,PASS,0,0
S145,C03,15836,30,527.8666666666667,25,1.2,6.808365066004398,9,2.118434654091872,460.3333333333333,5.20611942548273,0.5,2.0,4.601282198499799,FAIL,0,0
S145,C04,59403,120,495.025,73,1.643835616438356,6.7593273921482115,27,2.416976188630423,538.4074074074074,8.927075889337141,1.0,1.0,8.551222795998127,PASS,0,0
S145,C05,16401,30,546.7,27,1.1111111111111112,6.832638693715018,18,1.2364701550071193,561.6666666666666,9.123677649482838,0.0,1.0,7.584422111052507,PASS,0,0
S145,C06,12840,30,428.0,25,1.2,7.170477752769846,12,1.4066242073142456,383.3333333333333,6.72102600222477,0.0,2.0,6.315033480937583,PASS,0,0
S146,C02,14586,30,486.2,25,1.2,6.791753796819809,7,3.0121004097667754,472.0,6.8890693978065825,0.4,5.0,4.692535864750304,FAIL,0,0
S146,C03,59096,120,492.46666666666664,76,1.5789473684210527,6.371508315704659,42,2.0644746229973907,453.8333333333333,6.28810454372506,0.0,1.0,7.593102765178386,PASS,0,0
S146,C04,34636,70,494.8,54,1.2962962962962963,6.466880631770398,13,2.1778389282968544,556.6153846153846,8.843737546914225,0.0,1.0,7.754051444299815,PASS,0,0
S146,C05,32370,70,462.42857142857144,54,1.2962962962962963,6.829707329205415,46,2.238889438728446,481.6521739130435,6.4023538360799055,0.0,2.0,7.67906830802943,PASS,0,0
S147,C01,17288,30,576.2666666666667,25,1.2,6.979026483082755,21,2.284854212066384,586.1428571428571,7.502617070082777,0.5,2.0,7.406858756425079,PASS,0,0
S147,C02,55408,120,461.73333333333335,74,1.6216216216216217,6.238546408775644,43,1.9334575504958957,445.06976744186045,6.230992965184214,0.2,5.0,6.478510199223158,PASS,0,0
S147,C04,32280,70,461.14285714285717,56,1.25,6.243607719565474,9,1.8723709822367045,377.55555555555554,7.499453381675195,0.0,3.0,8.760452657155671,PASS,0,0
S147,C06,30815,70,440.2142857142857,57,1.2280701754385965,6.160657277620428,24,1.8454631742364933,421.9583333333333,5.2525641083221215,0.0,2.0,7.223874752934084,PASS,0,0
S148,C01,13235,30,441.1666666666667,27,1.1111111111111112,6.120085383148196,19,2.0350720217120966,425.7894736842105,0.0,0.0,0.0,8.39015128627084,PASS,0,0
S148,C02,12974,30,432.46666666666664,27,1.1111111111111112,5.443992318184095,7,1.4590274701239752,520.1428571428571,7.298310580158497,0.25,4.0,5.168359393704977,PASS,0,0
S148,C05,56998,120,474.98333333333335,76,1.5789473684210527,6.470788814500283,76,1.7817813387389962,459.9342105263158,5.754410340679094,0.0,2.0,4.577835929066844,FAIL,0,0
S148,C06,31563,70,450.9,53,1.320754716981132,7.359764465707889,18,2.3563332714613,457.22222222222223,7.367623732802083,0.5,2.0,7.690373824835668,PASS,0,0
S149,C02,15861,30,528.7,25,1.2,5.536935271603017,10,1.9106375870083427,522.2,7.137108595157462,0.4,5.0,4.3276983572395,FAIL,0,0
S149,C03,32375,70,462.5,56,1.25,7.074812994117964,29,1.9641621229508746,436.62068965517244,7.603564450790967,0.0,1.0,4.686613374729915,FAIL,0,0
S149,C04,56014,120,466.78333333333336,76,1.5789473684210527,6.345762638309224,23,1.9344489483734855,373.4782608695652,9.454847143970499,0.6666666666666666,3.0,4.581262409155421,FAIL,0,0
S149,C05,57335,120,477.7916666666667,80,1.5,6.176232832101822,65,2.0000509585372037,489.4,5.477834524338498,0.0,2.0,4.248019553265031,FAIL,0,0
S150,C01,55388,120,461.56666666666666,70,1.7142857142857142,6.569908078837217,66,2.1461188237031523,454.04545454545456,6.437685863971311,1.0,2.0,8.7910599238509,PASS,0,0
S150,C03,35626,70,508.9428571428571,55,1.2727272727272727,6.289436500931735,20,2.249157260204619,542.9,7.9314863211777435,0.5,2.0,5.9911653623886085,PASS,0,0
S150,C05,13086,30,436.2,27,1.1111111111111112,6.4281373380391456,20,1.8854244396740831,456.1,7.8780405883532785,0.5,2.0,4.90853161968172,FAIL,0,0
S150,C06,29751,70,425.01428571428573,51,1.3725490196078431,6.401865682866562,30,1.7625956748772234,391.5,8.560161758410224,1.0,1.0,4.877616518562284,FAIL,0,0
