	student_id,all_clicks,active_days,access_frequency,material_clicks,avg_quiz_score,quiz_attempts,avg_assignment_score,assignment_submissions,final_grade,risk_cluster,total_time_spent,all_clicks_log,engagement_ratio,submission_consistency,performance_gap
444677.0,1241.0,140,8.864285714285714,26.0,0.0,0.0,87.6,5.0,85,2,2482.0,7.124478262493424,0.020950846091861403,0.03571428571428571,87.6
91265.0,1494.0,125,11.952,48.0,0.0,0.0,70.8,5.0,65,2,2988.0,7.3098814858247865,0.0321285140562249,0.04,70.8
155550.0,1529.0,81,18.876543209876544,102.0,0.0,0.0,67.0,5.0,65,2,3058.0,7.333023014386481,0.06671026814911707,0.06172839506172839,67.0
2529279.0,1189.0,64,18.578125,73.0,0.0,0.0,78.0,5.0,65,2,2378.0,7.0817085861055755,0.061396131202691336,0.078125,78.0
109155.0,191.0,6,31.833333333333332,7.0,0.0,0.0,67.8,5.0,65,1,382.0,5.2574953720277815,0.03664921465968586,0.8333333333333334,67.8
228082.0,227.0,37,6.135135135135135,14.0,0.0,0.0,72.4,5.0,65,1,454.0,5.429345628954441,0.06167400881057269,0.13513513513513514,72.4
721259.0,1876.0,41,45.75609756097561,83.0,0.0,0.0,65.0,1.0,30,1,3752.0,7.537430036586509,0.044243070362473345,0.024390243902439025,65.0
366483.0,1465.0,129,11.356589147286822,81.0,0.0,0.0,76.8,5.0,65,2,2930.0,7.290292882446597,0.0552901023890785,0.03875968992248062,76.8
1942396.0,470.0,47,10.0,16.0,0.0,0.0,53.6,5.0,65,1,940.0,6.154858094016418,0.03404255319148936,0.10638297872340426,53.6
62487.0,16.0,2,8.0,0.0,0.0,0.0,71.6,5.0,65,1,32.0,2.833213344056216,0.0,2.5,71.6
2045084.0,76.0,7,10.857142857142858,32.0,0.0,0.0,72.0,1.0,40,1,152.0,4.343805421853684,0.42105263157894735,0.14285714285714285,72.0
310412.0,30.0,1,30.0,0.0,0.0,0.0,76.0,5.0,65,1,60.0,3.4339872044851463,0.0,5.0,76.0
2084066.0,1967.0,87,22.60919540229885,50.0,0.0,0.0,59.75,4.0,40,2,3934.0,7.584773077612199,0.02541942043721403,0.04597701149425287,59.75
345068.0,547.0,51,10.72549019607843,11.0,0.0,0.0,78.0,5.0,65,1,1094.0,6.306275286948016,0.02010968921389397,0.09803921568627451,78.0
569505.0,135.0,5,27.0,6.0,0.0,0.0,85.8,5.0,85,1,270.0,4.912654885736052,0.044444444444444446,1.0,85.8
155984.0,952.0,48,19.833333333333332,57.0,0.0,0.0,78.14285714285714,7.0,30,1,1904.0,6.859614903654202,0.059873949579831935,0.14583333333333334,78.14285714285714
135335.0,61.0,12,5.083333333333333,0.0,0.0,0.0,0.0,0.0,30,1,122.0,4.127134385045092,0.0,0.0,0.0
104476.0,4777.0,161,29.67080745341615,188.0,0.0,0.0,79.6,5.0,65,0,9554.0,8.471777327885755,0.039355243876910195,0.031055900621118012,79.6
2600688.0,582.0,31,18.774193548387096,20.0,0.0,0.0,70.0,5.0,65,1,1164.0,6.368187186350492,0.03436426116838488,0.16129032258064516,70.0
2268379.0,1685.0,118,14.279661016949152,68.0,0.0,0.0,83.0,5.0,65,2,3370.0,7.430114138561801,0.040356083086053415,0.0423728813559322,83.0
2342426.0,1814.0,107,16.953271028037385,109.0,0.0,0.0,73.2,5.0,40,2,3628.0,7.503840746698951,0.060088202866593166,0.04672897196261682,73.2
332884.0,105.0,7,15.0,17.0,0.0,0.0,82.2,5.0,65,1,210.0,4.663439094112067,0.1619047619047619,0.7142857142857143,82.2
307061.0,1081.0,87,12.425287356321839,108.0,0.0,0.0,81.2,5.0,65,2,2162.0,6.9865664594064265,0.09990749306197964,0.05747126436781609,81.2
2518069.0,1617.0,97,16.670103092783506,20.0,0.0,0.0,76.6,5.0,65,2,3234.0,7.388946097618437,0.012368583797155226,0.05154639175257732,76.6
357668.0,166.0,27,6.148148148148148,13.0,0.0,0.0,57.0,3.0,40,1,332.0,5.117993812416755,0.0783132530120482,0.1111111111111111,57.0
57506.0,1319.0,90,14.655555555555555,76.0,0.0,0.0,74.0,5.0,65,2,2638.0,7.1853870155804165,0.0576194086429113,0.05555555555555555,74.0
298838.0,125.0,8,15.625,4.0,0.0,0.0,79.2,5.0,65,1,250.0,4.836281906951478,0.032,0.625,79.2
442442.0,1009.0,49,20.591836734693878,34.0,0.0,0.0,40.5,2.0,30,1,2018.0,6.917705609835305,0.03369672943508424,0.04081632653061224,40.5
2397661.0,52.0,1,52.0,0.0,0.0,0.0,48.4,5.0,65,1,104.0,3.970291913552122,0.0,5.0,48.4
1576513.0,1768.0,25,70.72,39.0,0.0,0.0,86.6,5.0,85,2,3536.0,7.478169694159785,0.022058823529411766,0.2,86.6
114017.0,757.0,50,15.14,77.0,0.0,0.0,71.8,5.0,65,1,1514.0,6.630683385642372,0.10171730515191546,0.1,71.8
252073.0,4.0,2,2.0,1.0,0.0,0.0,49.0,5.0,65,1,8.0,1.6094379124341003,0.25,2.5,49.0
1676594.0,17.0,1,17.0,0.0,0.0,0.0,0.0,0.0,30,1,34.0,2.8903717578961645,0.0,0.0,0.0
70011.0,291.0,8,36.375,8.0,0.0,0.0,80.2,5.0,65,1,582.0,5.676753802268282,0.027491408934707903,0.625,80.2
275674.0,410.0,17,24.11764705882353,33.0,0.0,0.0,45.0,3.0,30,1,820.0,6.018593214496234,0.08048780487804878,0.17647058823529413,45.0
2654628.0,268.0,8,33.5,5.0,0.0,0.0,71.6,5.0,65,1,536.0,5.594711379601839,0.018656716417910446,0.625,71.6
313937.0,247.0,11,22.454545454545453,10.0,0.0,0.0,80.8,5.0,65,1,494.0,5.5134287461649825,0.04048582995951417,0.45454545454545453,80.8
396599.0,305.0,12,25.416666666666668,26.0,0.0,0.0,54.25,4.0,40,1,610.0,5.723585101952381,0.08524590163934426,0.3333333333333333,54.25
905042.0,3004.0,166,18.096385542168676,166.0,0.0,0.0,76.4,5.0,65,2,6008.0,8.008032846969307,0.05525965379494008,0.030120481927710843,76.4
2576122.0,252.0,15,16.8,9.0,0.0,0.0,64.0,2.0,40,1,504.0,5.53338948872752,0.03571428571428571,0.13333333333333333,64.0
623840.0,114.0,5,22.8,2.0,0.0,0.0,79.8,5.0,65,1,228.0,4.74493212836325,0.017543859649122806,1.0,79.8
570317.0,68.0,2,34.0,3.0,0.0,0.0,75.8,5.0,65,1,136.0,4.23410650459726,0.04411764705882353,2.5,75.8
2457256.0,1611.0,94,17.138297872340427,57.0,0.0,0.0,70.0,5.0,65,2,3222.0,7.385230923066573,0.035381750465549346,0.05319148936170213,70.0
306897.0,2742.0,189,14.507936507936508,35.0,0.0,0.0,62.6,5.0,65,2,5484.0,7.916807490937603,0.012764405543398978,0.026455026455026454,62.6
392756.0,363.0,44,8.25,9.0,0.0,0.0,45.0,5.0,40,1,726.0,5.8971538676367405,0.024793388429752067,0.11363636363636363,45.0
591774.0,605.0,36,16.805555555555557,11.0,0.0,0.0,76.2,5.0,65,1,1210.0,6.406879986069314,0.01818181818181818,0.1388888888888889,76.2
242793.0,658.0,56,11.75,40.0,0.0,0.0,77.4,5.0,65,1,1316.0,6.490723534502507,0.060790273556231005,0.08928571428571429,77.4
295741.0,709.0,87,8.149425287356323,39.0,79.0,7.0,65.4,10.0,65,2,1418.0,6.565264970035361,0.05500705218617771,0.11494252873563218,-13.599999999999994
548120.0,38.0,4,9.5,5.0,0.0,0.0,74.6,5.0,65,1,76.0,3.6635616461296463,0.13157894736842105,1.25,74.6
183947.0,964.0,58,16.620689655172413,43.0,0.0,0.0,49.0,5.0,65,1,1928.0,6.872128101338986,0.044605809128630707,0.08620689655172414,49.0
263952.0,246.0,9,27.333333333333332,15.0,0.0,0.0,88.8,5.0,85,1,492.0,5.5093883366279774,0.06097560975609756,0.5555555555555556,88.8
2595841.0,73.0,9,8.11111111111111,0.0,0.0,0.0,56.8,5.0,40,1,146.0,4.304065093204169,0.0,0.5555555555555556,56.8
231554.0,1839.0,86,21.38372093023256,10.0,0.0,0.0,67.75,4.0,65,2,3678.0,7.517520850603031,0.005437737901033171,0.046511627906976744,67.75
393207.0,876.0,50,17.52,13.0,0.0,0.0,74.2,5.0,65,1,1752.0,6.776506992372183,0.014840182648401826,0.1,74.2
2494700.0,180.0,7,25.714285714285715,14.0,0.0,0.0,83.6,5.0,65,1,360.0,5.198497031265826,0.07777777777777778,0.7142857142857143,83.6
949618.0,1357.0,94,14.436170212765957,39.0,0.0,0.0,61.8,5.0,65,2,2714.0,7.213768308118642,0.028739867354458364,0.05319148936170213,61.8
2277857.0,455.0,18,25.27777777777778,15.0,0.0,0.0,65.4,5.0,65,1,910.0,6.1224928095143865,0.03296703296703297,0.2777777777777778,65.4
852847.0,100.0,4,25.0,2.0,0.0,0.0,34.5,2.0,40,1,200.0,4.61512051684126,0.02,0.5,34.5
358182.0,206.0,12,17.166666666666668,11.0,0.0,0.0,75.0,5.0,65,1,412.0,5.332718793265369,0.05339805825242718,0.4166666666666667,75.0
1970390.0,11225.0,226,49.66814159292036,359.0,0.0,0.0,83.6,10.0,30,0,22450.0,9.325987795502144,0.031982182628062364,0.04424778761061947,83.6
149962.0,3.0,1,3.0,0.0,0.0,0.0,68.4,5.0,65,1,6.0,1.3862943611198906,0.0,5.0,68.4
159954.0,1263.0,71,17.788732394366196,51.0,0.0,0.0,68.2,5.0,30,2,2526.0,7.142036574706803,0.040380047505938245,0.07042253521126761,68.2
2596621.0,789.0,21,37.57142857142857,18.0,92.0,7.0,79.5,10.0,65,2,1578.0,6.672032945461067,0.022813688212927757,0.47619047619047616,-12.5
281250.0,130.0,15,8.666666666666666,7.0,0.0,0.0,55.4,5.0,40,1,260.0,4.875197323201151,0.05384615384615385,0.3333333333333333,55.4
2532302.0,1216.0,62,19.612903225806452,41.0,0.0,0.0,63.2,5.0,65,1,2432.0,7.104144092987527,0.033717105263157895,0.08064516129032258,63.2
415969.0,1366.0,51,26.784313725490197,59.0,0.0,0.0,59.666666666666664,6.0,40,1,2732.0,7.220373836723949,0.04319180087847731,0.11764705882352941,59.666666666666664
141506.0,74.0,6,12.333333333333334,2.0,0.0,0.0,75.0,1.0,40,1,148.0,4.31748811353631,0.02702702702702703,0.16666666666666666,75.0
31600.0,90.0,6,15.0,0.0,0.0,0.0,54.8,5.0,65,1,180.0,4.51085950651685,0.0,0.8333333333333334,54.8
141355.0,1823.0,92,19.815217391304348,49.0,0.0,0.0,72.6,5.0,65,2,3646.0,7.508787170634276,0.026878771256171146,0.05434782608695652,72.6
2065691.0,1430.0,34,42.05882352941177,79.0,0.0,0.0,35.666666666666664,3.0,30,1,2860.0,7.266128779556451,0.05524475524475524,0.08823529411764706,35.666666666666664
2633226.0,252.0,5,50.4,82.0,0.0,0.0,54.0,5.0,65,1,504.0,5.53338948872752,0.3253968253968254,1.0,54.0
2010232.0,54.0,3,18.0,0.0,0.0,0.0,84.2,5.0,65,1,108.0,4.007333185232471,0.0,1.6666666666666667,84.2
2085209.0,475.0,21,22.61904761904762,11.0,0.0,0.0,86.8,5.0,65,1,950.0,6.16541785423142,0.023157894736842106,0.23809523809523808,86.8
2369266.0,2146.0,70,30.65714285714286,83.0,0.0,0.0,50.6,5.0,65,2,4292.0,7.671826797878781,0.03867660764212488,0.07142857142857142,50.6
2648611.0,166.0,9,18.444444444444443,15.0,0.0,0.0,77.6,5.0,65,1,332.0,5.117993812416755,0.09036144578313253,0.5555555555555556,77.6
185439.0,427.0,15,28.466666666666665,17.0,0.0,0.0,74.0,1.0,40,1,854.0,6.059123195581797,0.03981264637002342,0.06666666666666667,74.0
65002.0,171.0,11,15.545454545454545,3.0,0.0,0.0,67.0,4.0,40,1,342.0,5.147494476813453,0.017543859649122806,0.36363636363636365,67.0
94961.0,359.0,28,12.821428571428571,17.0,0.0,0.0,65.33333333333333,6.0,65,1,718.0,5.886104031450156,0.04735376044568245,0.21428571428571427,65.33333333333333
94961.0,359.0,28,12.821428571428571,17.0,0.0,0.0,65.33333333333333,6.0,30,1,718.0,5.886104031450156,0.04735376044568245,0.21428571428571427,65.33333333333333
129955.0,1012.0,84,12.047619047619047,24.0,0.0,0.0,81.0,6.0,30,2,2024.0,6.920671504248683,0.023715415019762844,0.07142857142857142,81.0
235507.0,314.0,30,10.466666666666667,26.0,0.0,0.0,57.833333333333336,6.0,65,1,628.0,5.752572638825633,0.08280254777070063,0.2,57.833333333333336
2143752.0,1888.0,83,22.746987951807228,150.0,0.0,0.0,52.6,5.0,65,2,3776.0,7.543802867501509,0.07944915254237288,0.060240963855421686,52.6
2482700.0,1616.0,111,14.558558558558559,11.0,0.0,0.0,55.6,5.0,65,2,3232.0,7.388327859577107,0.006806930693069307,0.04504504504504504,55.6
118983.0,284.0,27,10.518518518518519,19.0,0.0,0.0,61.8,5.0,65,1,568.0,5.652489180268651,0.06690140845070422,0.18518518518518517,61.8
45462.0,1492.0,90,16.57777777777778,32.0,0.0,0.0,68.0,5.0,65,2,2984.0,7.30854279753919,0.021447721179624665,0.05555555555555555,68.0
368824.0,292.0,25,11.68,24.0,0.0,0.0,55.6,5.0,40,1,584.0,5.680172609017068,0.0821917808219178,0.2,55.6
2329342.0,565.0,36,15.694444444444445,55.0,0.0,0.0,57.2,5.0,65,1,1130.0,6.338594078203183,0.09734513274336283,0.1388888888888889,57.2
244246.0,303.0,10,30.3,12.0,0.0,0.0,67.2,5.0,65,1,606.0,5.717027701406222,0.039603960396039604,0.5,67.2
334441.0,33.0,3,11.0,1.0,0.0,0.0,39.8,5.0,40,1,66.0,3.5263605246161616,0.030303030303030304,1.6666666666666667,39.8
2073016.0,861.0,62,13.887096774193548,77.0,0.0,0.0,58.857142857142854,7.0,40,1,1722.0,6.759255270663693,0.08943089430894309,0.11290322580645161,58.857142857142854
574505.0,3.0,1,3.0,0.0,0.0,0.0,42.0,5.0,65,1,6.0,1.3862943611198906,0.0,5.0,42.0
2617002.0,1473.0,86,17.127906976744185,63.0,0.0,0.0,64.8,5.0,65,2,2946.0,7.295735072749282,0.04276985743380855,0.05813953488372093,64.8
628088.0,95.0,5,19.0,3.0,0.0,0.0,80.0,1.0,30,1,190.0,4.564348191467836,0.031578947368421054,0.2,80.0
243510.0,45.0,2,22.5,0.0,0.0,0.0,43.6,5.0,40,1,90.0,3.828641396489095,0.0,2.5,43.6
1746134.0,1759.0,75,23.453333333333333,78.0,0.0,0.0,83.8,5.0,65,2,3518.0,7.473069088032197,0.04434337691870381,0.06666666666666667,83.8
2546445.0,518.0,14,37.0,44.0,0.0,0.0,73.0,1.0,30,1,1036.0,6.251903883165888,0.08494208494208494,0.07142857142857142,73.0
135335.0,61.0,12,5.083333333333333,0.0,0.0,0.0,0.0,0.0,30,1,122.0,4.127134385045092,0.0,0.0,0.0
287040.0,334.0,9,37.111111111111114,22.0,0.0,0.0,72.8,5.0,65,1,668.0,5.814130531825066,0.0658682634730539,0.5555555555555556,72.8
1352868.0,668.0,38,17.57894736842105,5.0,0.0,0.0,68.57142857142857,7.0,65,1,1336.0,6.505784060128229,0.0074850299401197605,0.18421052631578946,68.57142857142857
1686521.0,643.0,29,22.17241379310345,53.0,0.0,0.0,68.0,1.0,30,1,1286.0,6.467698726104354,0.08242612752721618,0.034482758620689655,68.0
760729.0,7288.0,229,31.82532751091703,250.0,0.0,0.0,81.2,5.0,85,0,14576.0,8.894121641382213,0.034302963776070255,0.021834061135371178,81.2
2460080.0,3424.0,177,19.34463276836158,19.0,0.0,0.0,78.8,5.0,65,2,6848.0,8.138856750696325,0.005549065420560747,0.02824858757062147,78.8
2500258.0,139.0,5,27.8,3.0,0.0,0.0,71.2,5.0,65,1,278.0,4.941642422609304,0.02158273381294964,1.0,71.2
533068.0,52.0,3,17.333333333333332,0.0,0.0,0.0,58.2,5.0,65,1,104.0,3.970291913552122,0.0,1.6666666666666667,58.2
133816.0,148.0,6,24.666666666666668,7.0,0.0,0.0,65.4,5.0,65,1,296.0,5.003946305945459,0.0472972972972973,0.8333333333333334,65.4
62155.0,3388.0,148,22.89189189189189,26.0,0.0,0.0,76.0,5.0,65,2,6776.0,8.128290171607052,0.007674144037780401,0.033783783783783786,76.0
52765.0,890.0,20,44.5,33.0,0.0,0.0,63.0,5.0,65,1,1780.0,6.792344427470809,0.03707865168539326,0.25,63.0
495284.0,901.0,78,11.551282051282051,10.0,0.0,0.0,66.6,5.0,65,2,1802.0,6.804614520062624,0.011098779134295227,0.0641025641025641,66.6
603861.0,968.0,71,13.633802816901408,12.0,0.0,0.0,63.0,10.0,30,1,1936.0,6.876264611890766,0.012396694214876033,0.14084507042253522,63.0
328024.0,285.0,15,19.0,14.0,0.0,0.0,55.8,5.0,65,1,570.0,5.655991810819852,0.04912280701754386,0.3333333333333333,55.8
302302.0,513.0,24,21.375,15.0,0.0,0.0,58.666666666666664,3.0,40,1,1026.0,6.2422232654551655,0.029239766081871343,0.125,58.666666666666664
342007.0,902.0,40,22.55,53.0,0.0,0.0,82.33333333333333,6.0,30,1,1804.0,6.805722553416985,0.058758314855875834,0.15,82.33333333333333
1926668.0,71.0,2,35.5,8.0,0.0,0.0,62.2,5.0,65,1,142.0,4.276666119016055,0.11267605633802817,2.5,62.2
1401935.0,240.0,24,10.0,3.0,0.0,0.0,35.0,2.0,40,1,480.0,5.484796933490655,0.0125,0.08333333333333333,35.0
312782.0,281.0,46,6.108695652173913,18.0,0.0,0.0,61.8,5.0,65,1,562.0,5.641907070938114,0.06405693950177936,0.10869565217391304,61.8
415969.0,1366.0,51,26.784313725490197,59.0,0.0,0.0,59.666666666666664,6.0,30,1,2732.0,7.220373836723949,0.04319180087847731,0.11764705882352941,59.666666666666664
375260.0,56.0,4,14.0,6.0,0.0,0.0,71.4,5.0,65,1,112.0,4.04305126783455,0.10714285714285714,1.25,71.4
377546.0,45.0,3,15.0,2.0,0.0,0.0,83.0,5.0,85,1,90.0,3.828641396489095,0.044444444444444446,1.6666666666666667,83.0
544253.0,350.0,17,20.58823529411765,12.0,0.0,0.0,73.2,5.0,65,1,700.0,5.860786223465865,0.03428571428571429,0.29411764705882354,73.2
32885.0,1034.0,70,14.771428571428572,59.0,0.0,0.0,54.4,5.0,65,1,2068.0,6.942156705699469,0.05705996131528046,0.07142857142857142,54.4
303521.0,130.0,11,11.818181818181818,11.0,0.0,0.0,80.4,5.0,65,1,260.0,4.875197323201151,0.08461538461538462,0.45454545454545453,80.4
59185.0,1102.0,61,18.065573770491802,45.0,0.0,0.0,78.6,5.0,65,2,2204.0,7.005789019253503,0.04083484573502722,0.08196721311475409,78.6
287548.0,483.0,47,10.27659574468085,3.0,0.0,0.0,67.8,5.0,65,1,966.0,6.182084906716632,0.006211180124223602,0.10638297872340426,67.8
2481901.0,1949.0,97,20.09278350515464,6.0,0.0,0.0,75.8,5.0,65,2,3898.0,7.575584651557793,0.0030785017957927143,0.05154639175257732,75.8
2669816.0,280.0,30,9.333333333333334,16.0,0.0,0.0,57.2,5.0,40,1,560.0,5.638354669333745,0.05714285714285714,0.16666666666666666,57.2
400147.0,11.0,1,11.0,0.0,0.0,0.0,59.2,5.0,65,1,22.0,2.4849066497880004,0.0,5.0,59.2
2376496.0,749.0,83,9.024096385542169,53.0,0.0,0.0,73.4,5.0,65,2,1498.0,6.620073206530356,0.07076101468624833,0.060240963855421686,73.4
274947.0,2.0,2,1.0,0.0,0.0,0.0,54.0,5.0,30,1,4.0,1.0986122886681096,0.0,2.5,54.0
564450.0,224.0,32,7.0,9.0,0.0,0.0,59.2,5.0,40,1,448.0,5.41610040220442,0.04017857142857143,0.15625,59.2
142326.0,2121.0,95,22.326315789473686,118.0,0.0,0.0,73.6,5.0,65,2,4242.0,7.660114319173928,0.055634134842055635,0.05263157894736842,73.6
2148681.0,263.0,5,52.6,11.0,0.0,0.0,72.0,5.0,65,1,526.0,5.575949103146316,0.04182509505703422,1.0,72.0
334259.0,332.0,27,12.296296296296296,7.0,0.0,0.0,53.0,2.0,40,1,664.0,5.808142489980444,0.02108433734939759,0.07407407407407407,53.0
483800.0,160.0,9,17.77777777777778,9.0,0.0,0.0,70.6,5.0,65,1,320.0,5.081404364984463,0.05625,0.5555555555555556,70.6
255548.0,2580.0,166,15.542168674698795,143.0,0.0,0.0,71.4,5.0,65,2,5160.0,7.855932199718614,0.05542635658914729,0.030120481927710843,71.4
2293923.0,303.0,24,12.625,13.0,0.0,0.0,61.2,5.0,65,1,606.0,5.717027701406222,0.0429042904290429,0.20833333333333334,61.2
351336.0,160.0,13,12.307692307692308,11.0,0.0,0.0,64.6,5.0,65,1,320.0,5.081404364984463,0.06875,0.38461538461538464,64.6
205494.0,288.0,11,26.181818181818183,14.0,0.0,0.0,66.4,5.0,65,1,576.0,5.666426688112432,0.04861111111111111,0.45454545454545453,66.4
130547.0,206.0,8,25.75,8.0,0.0,0.0,58.4,5.0,65,1,412.0,5.332718793265369,0.038834951456310676,0.625,58.4
398349.0,164.0,5,32.8,7.0,0.0,0.0,79.8,5.0,65,1,328.0,5.10594547390058,0.042682926829268296,1.0,79.8
330594.0,125.0,7,17.857142857142858,8.0,0.0,0.0,59.6,5.0,65,1,250.0,4.836281906951478,0.064,0.7142857142857143,59.6
123044.0,2041.0,127,16.070866141732285,104.0,0.0,0.0,71.4,5.0,65,2,4082.0,7.621684998724611,0.050955414012738856,0.03937007874015748,71.4
489455.0,2832.0,131,21.61832061068702,122.0,0.0,0.0,70.6,5.0,65,2,5664.0,7.949091499830517,0.04307909604519774,0.03816793893129771,70.6
258894.0,4963.0,204,24.32843137254902,232.0,0.0,0.0,64.8,5.0,65,0,9926.0,8.509967146324497,0.04674591980656861,0.024509803921568627,64.8
323370.0,204.0,12,17.0,17.0,0.0,0.0,75.2,5.0,65,1,408.0,5.3230099791384085,0.08333333333333333,0.4166666666666667,75.2
295060.0,76.0,9,8.444444444444445,4.0,0.0,0.0,67.0,5.0,40,1,152.0,4.343805421853684,0.05263157894736842,0.5555555555555556,67.0
139033.0,33.0,3,11.0,0.0,0.0,0.0,61.0,5.0,40,1,66.0,3.5263605246161616,0.0,1.6666666666666667,61.0
2412967.0,2458.0,166,14.80722891566265,185.0,0.0,0.0,77.6,5.0,65,2,4916.0,7.807510042216193,0.07526444263628966,0.030120481927710843,77.6
164944.0,25.0,1,25.0,0.0,0.0,0.0,62.4,5.0,65,1,50.0,3.258096538021482,0.0,5.0,62.4
174094.0,603.0,17,35.470588235294116,31.0,0.0,0.0,75.4,5.0,65,1,1206.0,6.403574197934815,0.05140961857379768,0.29411764705882354,75.4
2344901.0,445.0,30,14.833333333333334,20.0,0.0,0.0,51.5,4.0,40,1,890.0,6.100318952020064,0.0449438202247191,0.13333333333333333,51.5
335764.0,2594.0,117,22.17094017094017,61.0,0.0,0.0,86.875,8.0,65,2,5188.0,7.861341795599989,0.023515805705474173,0.06837606837606838,86.875
295741.0,709.0,87,8.149425287356323,39.0,79.0,7.0,65.4,10.0,40,2,1418.0,6.565264970035361,0.05500705218617771,0.11494252873563218,-13.599999999999994
6516.0,256.0,9,28.444444444444443,15.0,0.0,0.0,61.8,5.0,65,1,512.0,5.54907608489522,0.05859375,0.5555555555555556,61.8
2688067.0,289.0,12,24.083333333333332,14.0,0.0,0.0,67.8,5.0,65,1,578.0,5.66988092298052,0.04844290657439446,0.4166666666666667,67.8
376439.0,2342.0,154,15.207792207792208,67.0,0.0,0.0,87.0,5.0,85,2,4684.0,7.759187438507795,0.02860802732707088,0.032467532467532464,87.0
1763015.0,420.0,3,140.0,13.0,0.0,0.0,0.0,0.0,30,1,840.0,6.042632833682381,0.030952380952380953,0.0,0.0
402961.0,263.0,7,37.57142857142857,6.0,0.0,0.0,67.6,5.0,65,1,526.0,5.575949103146316,0.022813688212927757,0.7142857142857143,67.6
331358.0,2410.0,48,50.208333333333336,86.0,0.0,0.0,84.66666666666667,6.0,30,2,4820.0,7.787796878181171,0.03568464730290456,0.125,84.66666666666667
164259.0,466.0,51,9.137254901960784,55.0,0.0,0.0,71.8,5.0,65,1,932.0,6.1463292576688975,0.11802575107296137,0.09803921568627451,71.8
292525.0,1.0,1,1.0,0.0,0.0,0.0,84.6,5.0,65,1,2.0,0.6931471805599453,0.0,5.0,84.6
376581.0,2333.0,124,18.81451612903226,125.0,0.0,0.0,72.8,5.0,65,2,4666.0,7.755338812846501,0.053579082726103726,0.04032258064516129,72.8
387954.0,175.0,4,43.75,4.0,0.0,0.0,0.0,0.0,30,1,350.0,5.170483995038151,0.022857142857142857,0.0,0.0
324282.0,133.0,38,3.5,3.0,0.0,0.0,61.2,5.0,65,1,266.0,4.897839799950911,0.022556390977443608,0.13157894736842105,61.2
2630087.0,90.0,7,12.857142857142858,5.0,0.0,0.0,0.0,0.0,30,1,180.0,4.51085950651685,0.05555555555555555,0.0,0.0
188278.0,1501.0,54,27.796296296296298,70.0,0.0,0.0,71.66666666666667,6.0,65,2,3002.0,7.31455283232408,0.046635576282478344,0.1111111111111111,71.66666666666667
498857.0,998.0,88,11.340909090909092,9.0,0.0,0.0,73.0,5.0,65,2,1996.0,6.906754778648554,0.009018036072144289,0.056818181818181816,73.0
481022.0,4.0,1,4.0,0.0,0.0,0.0,49.0,3.0,40,1,8.0,1.6094379124341003,0.0,3.0,49.0
2550279.0,2809.0,166,16.92168674698795,286.0,0.0,0.0,62.6,5.0,65,2,5618.0,7.940939762327791,0.10181559273762905,0.030120481927710843,62.6
1839386.0,2.0,2,1.0,0.0,0.0,0.0,40.0,1.0,30,1,4.0,1.0986122886681096,0.0,0.5,40.0
318933.0,1281.0,106,12.084905660377359,37.0,0.0,0.0,66.6,5.0,65,2,2562.0,7.156176637480615,0.02888368462138954,0.04716981132075472,66.6
1511033.0,59.0,5,11.8,11.0,0.0,0.0,74.6,5.0,65,1,118.0,4.0943445622221,0.1864406779661017,1.0,74.6
346118.0,111.0,6,18.5,0.0,0.0,0.0,72.6,5.0,65,1,222.0,4.718498871295094,0.0,0.8333333333333334,72.6
348807.0,63.0,4,15.75,3.0,0.0,0.0,76.6,5.0,65,1,126.0,4.1588830833596715,0.047619047619047616,1.25,76.6
100893.0,744.0,52,14.307692307692308,28.0,0.0,0.0,68.4,5.0,65,1,1488.0,6.61338421837956,0.03763440860215054,0.09615384615384616,68.4
311235.0,83.0,4,20.75,7.0,0.0,0.0,65.8,5.0,65,1,166.0,4.430816798843313,0.08433734939759036,1.25,65.8
263543.0,110.0,7,15.714285714285714,9.0,0.0,0.0,79.6,5.0,65,1,220.0,4.709530201312334,0.08181818181818182,0.7142857142857143,79.6
2698257.0,758.0,69,10.985507246376812,17.0,0.0,0.0,67.8,5.0,65,1,1516.0,6.6320017773956295,0.022427440633245383,0.07246376811594203,67.8
2391984.0,818.0,44,18.59090909090909,21.0,0.0,0.0,73.0,4.0,30,1,1636.0,6.70808408385307,0.02567237163814181,0.09090909090909091,73.0
152668.0,164.0,6,27.333333333333332,18.0,0.0,0.0,71.0,1.0,30,1,328.0,5.10594547390058,0.10975609756097561,0.16666666666666666,71.0
1472925.0,939.0,47,19.97872340425532,28.0,0.0,0.0,61.9,10.0,65,1,1878.0,6.84587987526405,0.029818956336528223,0.2127659574468085,61.9
1976139.0,1216.0,60,20.266666666666666,27.0,0.0,0.0,67.25,4.0,65,1,2432.0,7.104144092987527,0.022203947368421052,0.06666666666666667,67.25
388885.0,875.0,50,17.5,23.0,0.0,0.0,60.6,5.0,65,1,1750.0,6.775366090936392,0.026285714285714287,0.1,60.6
147793.0,155.0,9,17.22222222222222,1.0,0.0,0.0,52.0,1.0,30,1,310.0,5.049856007249537,0.0064516129032258064,0.1111111111111111,52.0
468694.0,15.0,4,3.75,0.0,0.0,0.0,61.2,5.0,30,1,30.0,2.772588722239781,0.0,1.25,61.2
2523736.0,470.0,76,6.184210526315789,9.0,0.0,0.0,61.75,4.0,65,1,940.0,6.154858094016418,0.019148936170212766,0.05263157894736842,61.75
1801641.0,459.0,41,11.195121951219512,16.0,0.0,0.0,77.4,5.0,65,1,918.0,6.131226489483141,0.034858387799564274,0.12195121951219512,77.4
398552.0,1183.0,87,13.597701149425287,15.0,0.0,0.0,46.4,5.0,40,1,2366.0,7.076653815443951,0.01267962806424345,0.05747126436781609,46.4
246834.0,1174.0,68,17.264705882352942,54.0,0.0,0.0,55.6,5.0,65,1,2348.0,7.069023426578259,0.04599659284497445,0.07352941176470588,55.6
345440.0,16.0,2,8.0,4.0,0.0,0.0,73.8,5.0,65,1,32.0,2.833213344056216,0.25,2.5,73.8
2449878.0,622.0,39,15.948717948717949,79.0,0.0,0.0,60.6,5.0,65,1,1244.0,6.434546518787453,0.1270096463022508,0.1282051282051282,60.6
2639641.0,2042.0,151,13.52317880794702,74.0,0.0,0.0,65.6,5.0,65,2,4084.0,7.622174594817622,0.03623898139079334,0.033112582781456956,65.6
200804.0,22.0,2,11.0,1.0,0.0,0.0,66.0,5.0,65,1,44.0,3.1354942159291497,0.045454545454545456,2.5,66.0
174024.0,85.0,3,28.333333333333332,3.0,0.0,0.0,60.4,5.0,65,1,170.0,4.454347296253507,0.03529411764705882,1.6666666666666667,60.4
2182846.0,4214.0,164,25.695121951219512,65.0,0.0,0.0,66.0,5.0,65,0,8428.0,8.346404870435956,0.015424774560987186,0.03048780487804878,66.0
2470694.0,2356.0,116,20.310344827586206,71.0,0.0,0.0,67.0,2.0,30,2,4712.0,7.7651449029361315,0.030135823429541596,0.017241379310344827,67.0
256815.0,1481.0,139,10.654676258992806,59.0,0.0,0.0,76.8,5.0,65,2,2962.0,7.301147805856032,0.039837947332883185,0.03597122302158273,76.8
2641155.0,4109.0,216,19.02314814814815,279.0,0.0,0.0,79.2,5.0,65,0,8218.0,8.32117830749028,0.06789973229496228,0.023148148148148147,79.2
544103.0,2328.0,112,20.785714285714285,127.0,0.0,0.0,81.0,5.0,65,2,4656.0,7.753194269884341,0.054553264604811,0.044642857142857144,81.0
404804.0,509.0,26,19.576923076923077,25.0,0.0,0.0,43.8,5.0,65,1,1018.0,6.234410725718371,0.04911591355599214,0.19230769230769232,43.8
2680312.0,140.0,3,46.666666666666664,4.0,0.0,0.0,78.8,5.0,65,1,280.0,4.948759890378168,0.02857142857142857,1.6666666666666667,78.8
1773377.0,184.0,9,20.444444444444443,17.0,0.0,0.0,74.6,5.0,65,1,368.0,5.220355825078325,0.09239130434782608,0.5555555555555556,74.6
364957.0,310.0,11,28.181818181818183,23.0,0.0,0.0,59.6,5.0,65,1,620.0,5.739792912179234,0.07419354838709677,0.45454545454545453,59.6
2666246.0,612.0,46,13.304347826086957,42.0,0.0,0.0,76.0,5.0,65,1,1224.0,6.418364935936212,0.06862745098039216,0.10869565217391304,76.0
187100.0,8562.0,231,37.064935064935064,408.0,0.0,0.0,89.2,5.0,85,0,17124.0,9.055205875026193,0.04765241765942537,0.021645021645021644,89.2
186149.0,2136.0,109,19.59633027522936,118.0,0.0,0.0,76.0,5.0,65,2,4272.0,7.667158255319148,0.0552434456928839,0.045871559633027525,76.0
537081.0,5.0,1,5.0,0.0,0.0,0.0,60.8,5.0,40,1,10.0,1.791759469228055,0.0,5.0,60.8
364177.0,821.0,63,13.031746031746032,43.0,0.0,0.0,69.0,4.0,40,1,1642.0,6.71174039505618,0.05237515225334957,0.06349206349206349,69.0
58071.0,1402.0,24,58.416666666666664,77.0,0.0,0.0,76.0,5.0,65,1,2804.0,7.246368080102461,0.05492154065620542,0.20833333333333334,76.0
240712.0,321.0,26,12.346153846153847,4.0,0.0,0.0,75.8,5.0,65,1,642.0,5.7745515455444085,0.012461059190031152,0.19230769230769232,75.8
2318055.0,264.0,6,44.0,7.0,0.0,0.0,75.8,5.0,30,1,528.0,5.579729825986222,0.026515151515151516,0.8333333333333334,75.8
350188.0,761.0,78,9.756410256410257,39.0,0.0,0.0,73.8,5.0,65,2,1522.0,6.635946555686647,0.051248357424441525,0.0641025641025641,73.8
2578995.0,1326.0,135,9.822222222222223,58.0,0.0,0.0,79.6,5.0,65,2,2652.0,7.190676034332207,0.043740573152337855,0.037037037037037035,79.6
45642.0,1428.0,105,13.6,72.0,0.0,0.0,72.4,5.0,65,2,2856.0,7.264730177929867,0.05042016806722689,0.047619047619047616,72.4
345519.0,88.0,6,14.666666666666666,2.0,0.0,0.0,77.4,5.0,65,1,176.0,4.48863636973214,0.022727272727272728,0.8333333333333334,77.4
392931.0,3003.0,177,16.966101694915253,49.0,0.0,0.0,68.4,5.0,65,2,6006.0,8.007700012884026,0.016317016317016316,0.02824858757062147,68.4
63165.0,8.0,3,2.6666666666666665,0.0,0.0,0.0,51.4,5.0,65,1,16.0,2.1972245773362196,0.0,1.6666666666666667,51.4
1970390.0,11225.0,226,49.66814159292036,359.0,0.0,0.0,83.6,10.0,65,0,22450.0,9.325987795502144,0.031982182628062364,0.04424778761061947,83.6
236875.0,18.0,4,4.5,0.0,0.0,0.0,46.4,5.0,65,1,36.0,2.9444389791664403,0.0,1.25,46.4
85144.0,34.0,4,8.5,1.0,0.0,0.0,77.6,5.0,65,1,68.0,3.5553480614894135,0.029411764705882353,1.25,77.6
2229865.0,3236.0,168,19.261904761904763,270.0,0.0,0.0,76.4,5.0,65,2,6472.0,8.082402253926244,0.0834363411619283,0.02976190476190476,76.4
300398.0,1997.0,108,18.49074074074074,70.0,0.0,0.0,78.8,5.0,65,2,3994.0,7.599901959208498,0.03505257886830245,0.046296296296296294,78.8
342514.0,1950.0,98,19.897959183673468,98.0,0.0,0.0,77.2,5.0,65,2,3900.0,7.576097340623111,0.050256410256410255,0.05102040816326531,77.2
721259.0,1876.0,41,45.75609756097561,83.0,0.0,0.0,65.0,1.0,30,1,3752.0,7.537430036586509,0.044243070362473345,0.024390243902439025,65.0
324002.0,1901.0,122,15.581967213114755,119.0,0.0,0.0,80.4,5.0,65,2,3802.0,7.550661243105336,0.0625986322987901,0.040983606557377046,80.4
205719.0,333.0,32,10.40625,16.0,0.0,0.0,56.666666666666664,3.0,40,1,666.0,5.8111409929767,0.04804804804804805,0.09375,56.666666666666664
174745.0,111.0,5,22.2,5.0,0.0,0.0,65.0,5.0,65,1,222.0,4.718498871295094,0.04504504504504504,1.0,65.0
2599352.0,1160.0,76,15.263157894736842,74.0,0.0,0.0,76.4,5.0,65,2,2320.0,7.057036981697891,0.06379310344827586,0.06578947368421052,76.4
384203.0,846.0,20,42.3,12.0,0.0,0.0,75.4,5.0,65,1,1692.0,6.741700694652055,0.014184397163120567,0.25,75.4
335247.0,51.0,5,10.2,3.0,0.0,0.0,70.2,5.0,65,1,102.0,3.9512437185814275,0.058823529411764705,1.0,70.2
158707.0,579.0,12,48.25,9.0,0.0,0.0,74.0,3.0,30,1,1158.0,6.363028103540465,0.015544041450777202,0.25,74.0
446108.0,4.0,1,4.0,4.0,0.0,0.0,57.6,5.0,65,1,8.0,1.6094379124341003,1.0,5.0,57.6
240884.0,427.0,44,9.704545454545455,20.0,0.0,0.0,58.4,5.0,65,1,854.0,6.059123195581797,0.0468384074941452,0.11363636363636363,58.4
1721270.0,14.0,2,7.0,1.0,0.0,0.0,58.0,5.0,65,1,28.0,2.70805020110221,0.07142857142857142,2.5,58.0
2649800.0,105.0,5,21.0,7.0,0.0,0.0,64.8,5.0,65,1,210.0,4.663439094112067,0.06666666666666667,1.0,64.8
110175.0,998.0,70,14.257142857142858,105.0,0.0,0.0,63.4,5.0,65,1,1996.0,6.906754778648554,0.10521042084168336,0.07142857142857142,63.4
2566163.0,1591.0,83,19.16867469879518,67.0,0.0,0.0,71.8,5.0,65,2,3182.0,7.3727463664043285,0.04211187932118165,0.060240963855421686,71.8
288994.0,9.0,1,9.0,1.0,0.0,0.0,0.0,0.0,40,1,18.0,2.302585092994046,0.1111111111111111,0.0,0.0
332789.0,1655.0,72,22.98611111111111,44.0,0.0,0.0,74.4,5.0,65,2,3310.0,7.412160334945205,0.026586102719033233,0.06944444444444445,74.4
55104.0,356.0,13,27.384615384615383,15.0,0.0,0.0,71.0,5.0,65,1,712.0,5.877735781779639,0.042134831460674156,0.38461538461538464,71.0
2694788.0,24.0,5,4.8,2.0,0.0,0.0,35.333333333333336,3.0,40,1,48.0,3.2188758248682006,0.08333333333333333,0.6,35.333333333333336
365244.0,891.0,78,11.423076923076923,40.0,0.0,0.0,56.4,5.0,65,1,1782.0,6.79346613258001,0.04489337822671156,0.0641025641025641,56.4
306466.0,1220.0,110,11.090909090909092,18.0,0.0,0.0,82.0,5.0,65,2,2440.0,7.107425474110705,0.014754098360655738,0.045454545454545456,82.0
606143.0,406.0,34,11.941176470588236,6.0,0.0,0.0,66.0,2.0,40,1,812.0,6.008813185442595,0.014778325123152709,0.058823529411764705,66.0
2639449.0,797.0,46,17.32608695652174,14.0,0.0,0.0,56.0,4.0,65,1,1594.0,6.682108597449809,0.01756587202007528,0.08695652173913043,56.0
260355.0,426.0,43,9.906976744186046,6.0,0.0,0.0,57.5,2.0,30,1,852.0,6.056784013228625,0.014084507042253521,0.046511627906976744,57.5
2255601.0,2543.0,82,31.01219512195122,36.0,0.0,0.0,54.5,2.0,30,2,5086.0,7.841492924460013,0.014156508061344868,0.024390243902439025,54.5
2509639.0,55.0,3,18.333333333333332,5.0,0.0,0.0,66.0,5.0,65,1,110.0,4.02535169073515,0.09090909090909091,1.6666666666666667,66.0
581129.0,194.0,19,10.210526315789474,2.0,0.0,0.0,40.0,2.0,40,1,388.0,5.272999558563747,0.010309278350515464,0.10526315789473684,40.0
144801.0,5645.0,200,28.225,190.0,0.0,0.0,68.8,5.0,65,0,11290.0,8.638702608813436,0.03365810451727192,0.025,68.8
248270.0,1969.0,193,10.202072538860104,35.0,0.0,0.0,78.4,5.0,65,2,3938.0,7.585788821732034,0.017775520568816656,0.025906735751295335,78.4
344282.0,65.0,18,3.611111111111111,3.0,0.0,0.0,49.2,5.0,40,1,130.0,4.189654742026425,0.046153846153846156,0.2777777777777778,49.2
2677624.0,193.0,7,27.571428571428573,7.0,0.0,0.0,69.6,5.0,65,1,386.0,5.267858159063328,0.03626943005181347,0.7142857142857143,69.6
1894188.0,4294.0,120,35.78333333333333,33.0,0.0,0.0,70.4,5.0,65,2,8588.0,8.365206834418355,0.007685142058686539,0.041666666666666664,70.4
1398979.0,610.0,22,27.727272727272727,26.0,0.0,0.0,72.75,4.0,30,1,1220.0,6.415096959171596,0.04262295081967213,0.18181818181818182,72.75
1336190.0,102.0,6,17.0,5.0,0.0,0.0,0.0,0.0,65,1,204.0,4.634728988229636,0.049019607843137254,0.0,0.0
2507842.0,308.0,8,38.5,9.0,0.0,0.0,79.0,1.0,30,1,616.0,5.733341276897746,0.02922077922077922,0.125,79.0
2358969.0,422.0,25,16.88,16.0,0.0,0.0,69.0,6.0,65,1,844.0,6.0473721790462776,0.037914691943127965,0.24,69.0
28400.0,1435.0,80,17.9375,60.0,0.0,0.0,66.4,5.0,65,2,2870.0,7.269616749608169,0.041811846689895474,0.0625,66.4
2671132.0,3720.0,121,30.74380165289256,179.0,0.0,0.0,68.8,5.0,65,2,7440.0,8.221747728346623,0.04811827956989247,0.04132231404958678,68.8
98094.0,2839.0,91,31.197802197802197,51.0,0.0,0.0,60.6,5.0,65,2,5678.0,7.951559331155252,0.017964071856287425,0.054945054945054944,60.6
561467.0,51.0,5,10.2,1.0,0.0,0.0,0.0,0.0,30,1,102.0,3.9512437185814275,0.0196078431372549,0.0,0.0
2051699.0,1734.0,94,18.4468085106383,75.0,0.0,0.0,66.6,5.0,65,2,3468.0,7.45876269238096,0.04325259515570934,0.05319148936170213,66.6
238007.0,1935.0,162,11.944444444444445,99.0,0.0,0.0,79.2,5.0,65,2,3870.0,7.568379267836522,0.05116279069767442,0.030864197530864196,79.2
53025.0,3158.0,142,22.239436619718308,88.0,0.0,0.0,78.0,5.0,65,2,6316.0,8.058010800802085,0.02786573780873971,0.035211267605633804,78.0
101781.0,4104.0,144,28.5,183.0,0.0,0.0,72.6,5.0,65,2,8208.0,8.31996102188653,0.0445906432748538,0.034722222222222224,72.6
2643002.0,2434.0,107,22.747663551401867,86.0,0.0,0.0,51.2,5.0,65,2,4868.0,7.79770203551669,0.03533278553820871,0.04672897196261682,51.2
2562034.0,248.0,17,14.588235294117647,16.0,0.0,0.0,65.4,5.0,65,1,496.0,5.517452896464707,0.06451612903225806,0.29411764705882354,65.4
26192.0,241.0,9,26.77777777777778,22.0,0.0,0.0,86.2,5.0,85,1,482.0,5.488937726156687,0.0912863070539419,0.5555555555555556,86.2
1183831.0,207.0,8,25.875,41.0,0.0,0.0,71.33333333333333,3.0,30,1,414.0,5.337538079701318,0.19806763285024154,0.375,71.33333333333333
596288.0,1.0,1,1.0,0.0,0.0,0.0,77.4,5.0,65,1,2.0,0.6931471805599453,0.0,5.0,77.4
354170.0,381.0,17,22.41176470588235,8.0,0.0,0.0,58.0,5.0,40,1,762.0,5.945420608606575,0.02099737532808399,0.29411764705882354,58.0
2569324.0,49.0,4,12.25,0.0,0.0,0.0,71.2,5.0,65,1,98.0,3.912023005428146,0.0,1.25,71.2
333323.0,648.0,36,18.0,19.0,0.0,0.0,74.4,5.0,65,1,1296.0,6.47543271670409,0.029320987654320986,0.1388888888888889,74.4
146188.0,597.0,32,18.65625,18.0,0.0,0.0,50.0,5.0,40,1,1194.0,6.393590753950631,0.03015075376884422,0.15625,50.0
334333.0,303.0,33,9.181818181818182,14.0,0.0,0.0,36.0,1.0,30,1,606.0,5.717027701406222,0.0462046204620462,0.030303030303030304,36.0
598070.0,3.0,1,3.0,0.0,0.0,0.0,0.0,0.0,30,1,6.0,1.3862943611198906,0.0,0.0,0.0
290201.0,1740.0,108,16.11111111111111,114.0,0.0,0.0,70.4,5.0,65,2,3480.0,7.462214939768189,0.06551724137931035,0.046296296296296294,70.4
63400.0,2737.0,175,15.64,135.0,0.0,0.0,71.6,5.0,65,2,5474.0,7.914983005848394,0.049324077457069786,0.02857142857142857,71.6
2574990.0,298.0,7,42.57142857142857,14.0,0.0,0.0,56.4,5.0,40,1,596.0,5.700443573390686,0.04697986577181208,0.7142857142857143,56.4
312537.0,12882.0,271,47.535055350553506,191.0,0.0,0.0,87.8,5.0,85,0,25764.0,9.463663891791525,0.014826890234435647,0.01845018450184502,87.8
102952.0,1150.0,58,19.82758620689655,47.0,0.0,0.0,76.6,5.0,65,2,2300.0,7.048386408721883,0.0408695652173913,0.08620689655172414,76.6
401404.0,94.0,5,18.8,3.0,0.0,0.0,75.6,5.0,65,1,188.0,4.553876891600541,0.031914893617021274,1.0,75.6
292775.0,233.0,11,21.181818181818183,22.0,0.0,0.0,81.6,5.0,65,1,466.0,5.455321115357702,0.0944206008583691,0.45454545454545453,81.6
85092.0,26.0,1,26.0,0.0,0.0,0.0,58.0,4.0,65,1,52.0,3.295836866004329,0.0,4.0,58.0
228021.0,188.0,17,11.058823529411764,3.0,0.0,0.0,83.0,5.0,85,1,376.0,5.241747015059643,0.015957446808510637,0.29411764705882354,83.0
295075.0,107.0,4,26.75,4.0,0.0,0.0,64.0,5.0,65,1,214.0,4.68213122712422,0.037383177570093455,1.25,64.0
2639540.0,1964.0,132,14.878787878787879,193.0,0.0,0.0,79.4,5.0,65,2,3928.0,7.583247524303362,0.09826883910386966,0.03787878787878788,79.4
406682.0,350.0,8,43.75,12.0,0.0,0.0,83.6,5.0,85,1,700.0,5.860786223465865,0.03428571428571429,0.625,83.6
404356.0,394.0,13,30.307692307692307,1.0,0.0,0.0,74.0,5.0,65,1,788.0,5.978885764901122,0.0025380710659898475,0.38461538461538464,74.0
241729.0,1829.0,117,15.632478632478632,76.0,0.0,0.0,58.6,5.0,40,2,3658.0,7.512071245835466,0.04155276107162384,0.042735042735042736,58.6
2425993.0,16.0,2,8.0,0.0,0.0,0.0,68.6,5.0,65,1,32.0,2.833213344056216,0.0,2.5,68.6
174782.0,6318.0,249,25.373493975903614,200.0,0.0,0.0,80.4,5.0,65,0,12636.0,8.751316246773456,0.03165558721114277,0.020080321285140562,80.4
1938355.0,1992.0,147,13.551020408163266,44.0,0.0,0.0,73.0,5.0,65,2,3984.0,7.597396320212795,0.02208835341365462,0.034013605442176874,73.0
263251.0,129.0,6,21.5,5.0,0.0,0.0,74.0,5.0,65,1,258.0,4.867534450455582,0.03875968992248062,0.8333333333333334,74.0
2429854.0,826.0,44,18.772727272727273,22.0,0.0,0.0,51.0,1.0,40,1,1652.0,6.717804695023691,0.026634382566585957,0.022727272727272728,51.0
2458355.0,4187.0,229,18.283842794759824,419.0,0.0,0.0,90.6,5.0,65,0,8374.0,8.339978571990427,0.10007165034631,0.021834061135371178,90.6
676546.0,65.0,5,13.0,3.0,0.0,0.0,74.0,4.0,30,1,130.0,4.189654742026425,0.046153846153846156,0.8,74.0
2581477.0,737.0,22,33.5,27.0,0.0,0.0,49.2,5.0,65,1,1474.0,6.6039438246004725,0.036635006784260515,0.22727272727272727,49.2
1112555.0,115.0,11,10.454545454545455,4.0,0.0,0.0,66.8,5.0,65,1,230.0,4.7535901911063645,0.034782608695652174,0.45454545454545453,66.8
2642935.0,709.0,22,32.22727272727273,15.0,0.0,0.0,83.4,5.0,85,1,1418.0,6.565264970035361,0.021156558533145273,0.22727272727272727,83.4
2369415.0,238.0,8,29.75,2.0,0.0,0.0,78.5,4.0,65,1,476.0,5.476463551931511,0.008403361344537815,0.5,78.5
2456480.0,183.0,21,8.714285714285714,8.0,0.0,0.0,24.666666666666668,3.0,40,1,366.0,5.214935757608986,0.04371584699453552,0.14285714285714285,24.666666666666668
119902.0,271.0,5,54.2,8.0,0.0,0.0,67.0,4.0,30,1,542.0,5.605802066295998,0.02952029520295203,0.8,67.0
969076.0,1980.0,135,14.666666666666666,8.0,0.0,0.0,59.75,4.0,30,2,3960.0,7.591357046698551,0.00404040404040404,0.02962962962962963,59.75
236284.0,732.0,41,17.853658536585368,23.0,0.0,0.0,78.0,5.0,65,1,1464.0,6.597145701886651,0.031420765027322405,0.12195121951219512,78.0
603834.0,1.0,1,1.0,0.0,0.0,0.0,61.8,5.0,65,1,2.0,0.6931471805599453,0.0,5.0,61.8
1105478.0,1695.0,125,13.56,53.0,0.0,0.0,82.6,5.0,65,2,3390.0,7.4360278163518485,0.03126843657817109,0.04,82.6
229361.0,1215.0,123,9.878048780487806,59.0,0.0,0.0,78.0,5.0,65,2,2430.0,7.103322062526113,0.048559670781893,0.04065040650406504,78.0
348275.0,24.0,4,6.0,9.0,0.0,0.0,61.5,2.0,30,1,48.0,3.2188758248682006,0.375,0.5,61.5
262934.0,2407.0,119,20.22689075630252,136.0,0.0,0.0,76.6,5.0,65,2,4814.0,7.786551806428712,0.05650186954715413,0.04201680672268908,76.6
1729319.0,2756.0,124,22.225806451612904,169.0,0.0,0.0,78.2,5.0,65,2,5512.0,7.921898411023797,0.06132075471698113,0.04032258064516129,78.2
401869.0,955.0,90,10.61111111111111,52.0,0.0,0.0,65.0,5.0,65,2,1910.0,6.862757913051401,0.05445026178010471,0.05555555555555555,65.0
421455.0,175.0,8,21.875,3.0,0.0,0.0,77.8,5.0,65,1,350.0,5.170483995038151,0.017142857142857144,0.625,77.8
2542724.0,228.0,9,25.333333333333332,10.0,0.0,0.0,0.0,0.0,30,1,456.0,5.43372200355424,0.043859649122807015,0.0,0.0
1799111.0,79.0,3,26.333333333333332,1.0,0.0,0.0,77.4,5.0,65,1,158.0,4.382026634673881,0.012658227848101266,1.6666666666666667,77.4
205350.0,1665.0,126,13.214285714285714,92.0,0.0,0.0,72.2,5.0,65,2,3330.0,7.418180822726788,0.05525525525525526,0.03968253968253968,72.2
1268696.0,28.0,3,9.333333333333334,0.0,0.0,0.0,60.2,5.0,65,1,56.0,3.367295829986474,0.0,1.6666666666666667,60.2
1484804.0,75.0,19,3.9473684210526314,0.0,0.0,0.0,65.8,5.0,65,1,150.0,4.330733340286331,0.0,0.2631578947368421,65.8
290757.0,652.0,33,19.757575757575758,305.0,0.0,0.0,75.0,5.0,65,1,1304.0,6.481577129276431,0.4677914110429448,0.15151515151515152,75.0
2437837.0,2684.0,101,26.574257425742573,89.0,0.0,0.0,74.4,5.0,65,2,5368.0,7.895436006942965,0.03315946348733234,0.04950495049504951,74.4
2358969.0,422.0,25,16.88,16.0,0.0,0.0,69.0,6.0,30,1,844.0,6.0473721790462776,0.037914691943127965,0.24,69.0
149741.0,543.0,11,49.36363636363637,21.0,0.0,0.0,66.4,5.0,65,1,1086.0,6.298949246855942,0.03867403314917127,0.45454545454545453,66.4
527801.0,176.0,7,25.142857142857142,8.0,0.0,0.0,49.5,4.0,40,1,352.0,5.176149732573829,0.045454545454545456,0.5714285714285714,49.5
522482.0,49.0,4,12.25,2.0,0.0,0.0,75.0,1.0,30,1,98.0,3.912023005428146,0.04081632653061224,0.25,75.0
2555340.0,4441.0,171,25.970760233918128,83.0,0.0,0.0,80.6,5.0,65,0,8882.0,8.398860004454372,0.018689484350371537,0.029239766081871343,80.6
2062879.0,2386.0,145,16.455172413793104,91.0,0.0,0.0,61.2,5.0,40,2,4772.0,7.77779262633883,0.038139145012573344,0.034482758620689655,61.2
130034.0,118.0,10,11.8,7.0,0.0,0.0,78.4,5.0,65,1,236.0,4.77912349311153,0.059322033898305086,0.5,78.4
159954.0,1263.0,71,17.788732394366196,51.0,0.0,0.0,68.2,5.0,30,2,2526.0,7.142036574706803,0.040380047505938245,0.07042253521126761,68.2
485962.0,68.0,9,7.555555555555555,2.0,0.0,0.0,80.4,5.0,65,1,136.0,4.23410650459726,0.029411764705882353,0.5555555555555556,80.4
2642616.0,324.0,11,29.454545454545453,9.0,0.0,0.0,57.2,5.0,65,1,648.0,5.783825182329737,0.027777777777777776,0.45454545454545453,57.2
167906.0,1510.0,99,15.252525252525253,93.0,0.0,0.0,69.4,5.0,65,2,3020.0,7.32052696227274,0.06158940397350993,0.050505050505050504,69.4
106577.0,733.0,47,15.595744680851064,15.0,0.0,0.0,53.4,5.0,65,1,1466.0,6.598509028614515,0.020463847203274217,0.10638297872340426,53.4
202635.0,1418.0,47,30.170212765957448,19.0,0.0,0.0,66.66666666666667,3.0,30,1,2836.0,7.257707677160043,0.013399153737658674,0.06382978723404255,66.66666666666667
476603.0,116.0,7,16.571428571428573,4.0,0.0,0.0,83.8,5.0,85,1,232.0,4.762173934797756,0.034482758620689655,0.7142857142857143,83.8
2598871.0,2049.0,123,16.658536585365855,21.0,0.0,0.0,72.6,5.0,65,2,4098.0,7.6255950721324535,0.010248901903367497,0.04065040650406504,72.6
277880.0,2019.0,79,25.556962025316455,9.0,0.0,0.0,67.66666666666667,6.0,30,2,4038.0,7.61085279039525,0.004457652303120356,0.0759493670886076,67.66666666666667
1456619.0,578.0,30,19.266666666666666,20.0,0.0,0.0,63.0,1.0,30,1,1156.0,6.361302477572996,0.03460207612456748,0.03333333333333333,63.0
1758449.0,2756.0,75,36.74666666666667,78.0,0.0,0.0,61.0,2.0,30,2,5512.0,7.921898411023797,0.02830188679245283,0.02666666666666667,61.0
1609002.0,117.0,7,16.714285714285715,8.0,0.0,0.0,79.4,5.0,65,1,234.0,4.770684624465665,0.06837606837606838,0.7142857142857143,79.4
2122180.0,4712.0,170,27.71764705882353,84.0,0.0,0.0,82.4,5.0,85,0,9424.0,8.45807992692373,0.017826825127334467,0.029411764705882353,82.4
31604.0,2158.0,123,17.54471544715447,109.0,0.0,0.0,76.0,5.0,65,2,4316.0,7.677400430514807,0.0505097312326228,0.04065040650406504,76.0
2312620.0,1129.0,44,25.65909090909091,59.0,0.0,0.0,32.0,3.0,30,1,2258.0,7.029972911706386,0.05225863596102746,0.06818181818181818,32.0
79403.0,153.0,5,30.6,5.0,0.0,0.0,60.666666666666664,3.0,30,1,306.0,5.0369526024136295,0.032679738562091505,0.6,60.666666666666664
637665.0,256.0,13,19.692307692307693,6.0,0.0,0.0,51.8,5.0,65,1,512.0,5.54907608489522,0.0234375,0.38461538461538464,51.8
185350.0,76.0,5,15.2,0.0,0.0,0.0,59.6,5.0,40,1,152.0,4.343805421853684,0.0,1.0,59.6
305539.0,68.0,6,11.333333333333334,2.0,0.0,0.0,0.0,0.0,30,1,136.0,4.23410650459726,0.029411764705882353,0.0,0.0
345357.0,2219.0,134,16.559701492537314,91.0,0.0,0.0,80.4,5.0,85,2,4438.0,7.705262474866325,0.04100946372239748,0.03731343283582089,80.4
2318055.0,264.0,6,44.0,7.0,0.0,0.0,75.8,5.0,65,1,528.0,5.579729825986222,0.026515151515151516,0.8333333333333334,75.8
2057803.0,512.0,18,28.444444444444443,6.0,0.0,0.0,66.0,5.0,65,1,1024.0,6.240275845170769,0.01171875,0.2777777777777778,66.0
402727.0,73.0,5,14.6,5.0,0.0,0.0,73.2,5.0,65,1,146.0,4.304065093204169,0.0684931506849315,1.0,73.2
111717.0,2343.0,136,17.227941176470587,77.0,0.0,0.0,81.0,3.0,65,2,4686.0,7.759614150696903,0.03286384976525822,0.022058823529411766,81.0
155984.0,952.0,48,19.833333333333332,57.0,0.0,0.0,78.14285714285714,7.0,65,1,1904.0,6.859614903654202,0.059873949579831935,0.14583333333333334,78.14285714285714
1765788.0,7057.0,224,31.504464285714285,105.0,0.0,0.0,66.2,5.0,65,0,14114.0,8.861917004235215,0.0148788437012895,0.022321428571428572,66.2
1860318.0,5975.0,228,26.20614035087719,21.0,0.0,0.0,62.6,5.0,65,0,11950.0,8.695506726812653,0.003514644351464435,0.021929824561403508,62.6
2521459.0,1078.0,75,14.373333333333333,50.0,0.0,0.0,60.8,5.0,65,2,2156.0,6.983789965258135,0.04638218923933209,0.06666666666666667,60.8
311917.0,2230.0,145,15.379310344827585,126.0,0.0,0.0,59.2,5.0,65,2,4460.0,7.7102051944325325,0.05650224215246637,0.034482758620689655,59.2
2404408.0,124.0,5,24.8,3.0,0.0,0.0,52.5,2.0,40,1,248.0,4.8283137373023015,0.024193548387096774,0.4,52.5
342007.0,902.0,40,22.55,53.0,0.0,0.0,82.33333333333333,6.0,65,1,1804.0,6.805722553416985,0.058758314855875834,0.15,82.33333333333333
1035023.0,1896.0,150,12.64,22.0,0.0,0.0,70.0,5.0,65,2,3792.0,7.5480289699350145,0.011603375527426161,0.03333333333333333,70.0
503889.0,90.0,5,18.0,3.0,0.0,0.0,69.0,5.0,65,1,180.0,4.51085950651685,0.03333333333333333,1.0,69.0
200860.0,534.0,81,6.592592592592593,18.0,0.0,0.0,54.4,5.0,65,1,1068.0,6.282266746896006,0.033707865168539325,0.06172839506172839,54.4
572652.0,780.0,42,18.571428571428573,12.0,0.0,0.0,73.2,5.0,65,1,1560.0,6.660575149839686,0.015384615384615385,0.11904761904761904,73.2
2197016.0,1455.0,72,20.208333333333332,59.0,0.0,0.0,75.6,5.0,65,2,2910.0,7.283448228756631,0.04054982817869416,0.06944444444444445,75.6
593846.0,178.0,3,59.333333333333336,1.0,0.0,0.0,64.8,5.0,30,1,356.0,5.187385805840755,0.0056179775280898875,1.6666666666666667,64.8
2613116.0,1181.0,60,19.683333333333334,39.0,0.0,0.0,78.2,5.0,65,2,2362.0,7.074963197966044,0.03302286198137172,0.08333333333333333,78.2
315076.0,204.0,10,20.4,7.0,0.0,0.0,68.6,5.0,65,1,408.0,5.3230099791384085,0.03431372549019608,0.5,68.6
2473538.0,201.0,8,25.125,16.0,0.0,0.0,55.0,5.0,65,1,402.0,5.308267697401205,0.07960199004975124,0.625,55.0
398171.0,158.0,13,12.153846153846153,8.0,0.0,0.0,69.2,5.0,65,1,316.0,5.0689042022202315,0.05063291139240506,0.38461538461538464,69.2
2516503.0,3070.0,198,15.505050505050505,84.0,0.0,0.0,79.4,5.0,65,2,6140.0,8.029758520440822,0.02736156351791531,0.025252525252525252,79.4
1402638.0,910.0,75,12.133333333333333,20.0,0.0,0.0,75.2,5.0,65,2,1820.0,6.814542897259958,0.02197802197802198,0.06666666666666667,75.2
195262.0,1905.0,58,32.8448275862069,52.0,0.0,0.0,50.0,1.0,30,1,3810.0,7.552762084214147,0.027296587926509186,0.017241379310344827,50.0
192183.0,3219.0,176,18.289772727272727,164.0,0.0,0.0,68.4,5.0,65,2,6438.0,8.077136638538454,0.050947499223361295,0.028409090909090908,68.4
1889511.0,1754.0,99,17.717171717171716,34.0,0.0,0.0,72.0,5.0,65,2,3508.0,7.470224135899966,0.019384264538198404,0.050505050505050504,72.0
2576122.0,252.0,15,16.8,9.0,0.0,0.0,64.0,2.0,30,1,504.0,5.53338948872752,0.03571428571428571,0.13333333333333333,64.0
2011876.0,1401.0,81,17.296296296296298,92.0,0.0,0.0,76.0,5.0,65,2,2802.0,7.2456550675945355,0.06566738044254104,0.06172839506172839,76.0
388722.0,671.0,57,11.771929824561404,21.0,0.0,0.0,63.8,5.0,65,1,1342.0,6.51025834052315,0.03129657228017884,0.08771929824561403,63.8
705379.0,5680.0,226,25.13274336283186,203.0,0.0,0.0,80.8,5.0,85,0,11360.0,8.644882552557126,0.03573943661971831,0.022123893805309734,80.8
368194.0,437.0,32,13.65625,36.0,0.0,0.0,50.4,5.0,65,1,874.0,6.082218910376446,0.08237986270022883,0.15625,50.4
258392.0,844.0,53,15.924528301886792,101.0,0.0,0.0,58.8,5.0,65,1,1688.0,6.739336627357174,0.11966824644549763,0.09433962264150944,58.8
172797.0,1782.0,86,20.72093023255814,54.0,0.0,0.0,61.4,5.0,65,2,3564.0,7.48605261786314,0.030303030303030304,0.05813953488372093,61.4
2429854.0,826.0,44,18.772727272727273,22.0,0.0,0.0,51.0,1.0,30,1,1652.0,6.717804695023691,0.026634382566585957,0.022727272727272728,51.0
188278.0,1501.0,54,27.796296296296298,70.0,0.0,0.0,71.66666666666667,6.0,30,2,3002.0,7.31455283232408,0.046635576282478344,0.1111111111111111,71.66666666666667
2620584.0,92.0,5,18.4,6.0,0.0,0.0,0.0,0.0,40,1,184.0,4.532599493153256,0.06521739130434782,0.0,0.0
266524.0,52.0,8,6.5,14.0,0.0,0.0,53.8,5.0,65,1,104.0,3.970291913552122,0.2692307692307692,0.625,53.8
331358.0,2410.0,48,50.208333333333336,86.0,0.0,0.0,84.66666666666667,6.0,85,2,4820.0,7.787796878181171,0.03568464730290456,0.125,84.66666666666667
339972.0,333.0,33,10.090909090909092,15.0,0.0,0.0,49.8,5.0,65,1,666.0,5.8111409929767,0.04504504504504504,0.15151515151515152,49.8
470588.0,429.0,17,25.235294117647058,9.0,0.0,0.0,79.33333333333333,3.0,30,1,858.0,6.063785208687608,0.02097902097902098,0.17647058823529413,79.33333333333333
172112.0,1939.0,135,14.362962962962962,156.0,0.0,0.0,69.6,5.0,65,2,3878.0,7.570443252057374,0.08045384218669417,0.037037037037037035,69.6
254625.0,216.0,11,19.636363636363637,18.0,0.0,0.0,82.8,5.0,85,1,432.0,5.37989735354046,0.08333333333333333,0.45454545454545453,82.8
273346.0,284.0,13,21.846153846153847,19.0,0.0,0.0,81.8,5.0,65,1,568.0,5.652489180268651,0.06690140845070422,0.38461538461538464,81.8
588775.0,7067.0,259,27.285714285714285,58.0,0.0,0.0,82.8,5.0,65,0,14134.0,8.863332833439587,0.008207160039620772,0.019305019305019305,82.8
301967.0,1.0,1,1.0,0.0,0.0,0.0,52.8,5.0,65,1,2.0,0.6931471805599453,0.0,5.0,52.8
508818.0,1129.0,61,18.508196721311474,2.0,0.0,0.0,71.8,5.0,65,2,2258.0,7.029972911706386,0.001771479185119575,0.08196721311475409,71.8
2514898.0,301.0,7,43.0,97.0,0.0,0.0,66.4,5.0,65,1,602.0,5.71042701737487,0.3222591362126246,0.7142857142857143,66.4
175447.0,474.0,13,36.46153846153846,14.0,0.0,0.0,69.6,5.0,65,1,948.0,6.163314804034641,0.029535864978902954,0.38461538461538464,69.6
470982.0,468.0,7,66.85714285714286,6.0,0.0,0.0,61.6,5.0,65,1,936.0,6.150602768446279,0.01282051282051282,0.7142857142857143,61.6
2601889.0,312.0,23,13.565217391304348,13.0,0.0,0.0,82.0,5.0,65,1,624.0,5.746203190540153,0.041666666666666664,0.21739130434782608,82.0
2146792.0,2385.0,188,12.686170212765957,28.0,0.0,0.0,70.0,5.0,65,2,4770.0,7.777373602657861,0.011740041928721174,0.026595744680851064,70.0
287204.0,68.0,5,13.6,4.0,0.0,0.0,73.6,5.0,65,1,136.0,4.23410650459726,0.058823529411764705,1.0,73.6
2551932.0,28.0,4,7.0,6.0,0.0,0.0,50.0,2.0,30,1,56.0,3.367295829986474,0.21428571428571427,0.5,50.0
2398313.0,632.0,23,27.47826086956522,17.0,0.0,0.0,71.4,5.0,65,1,1264.0,6.450470422144176,0.02689873417721519,0.21739130434782608,71.4
2557283.0,7262.0,248,29.282258064516128,57.0,0.0,0.0,81.2,5.0,65,0,14524.0,8.890548245606169,0.007849077389148995,0.020161290322580645,81.2
2363863.0,78.0,4,19.5,1.0,0.0,0.0,80.6,5.0,85,1,156.0,4.3694478524670215,0.01282051282051282,1.25,80.6
429958.0,411.0,25,16.44,9.0,0.0,0.0,58.4,5.0,65,1,822.0,6.021023349349527,0.021897810218978103,0.2,58.4
2645733.0,1596.0,125,12.768,56.0,0.0,0.0,82.6,5.0,65,2,3192.0,7.3758821482150125,0.03508771929824561,0.04,82.6
1689639.0,285.0,16,17.8125,2.0,0.0,0.0,70.5,2.0,30,1,570.0,5.655991810819852,0.007017543859649123,0.125,70.5
315744.0,752.0,17,44.23529411764706,38.0,0.0,0.0,82.4,5.0,85,1,1504.0,6.6240652277998935,0.05053191489361702,0.29411764705882354,82.4
593987.0,107.0,5,21.4,12.0,0.0,0.0,72.4,5.0,40,1,214.0,4.68213122712422,0.11214953271028037,1.0,72.4
1488959.0,3493.0,155,22.53548387096774,78.0,0.0,0.0,61.8,5.0,65,2,6986.0,8.158802490694002,0.022330375035785856,0.03225806451612903,61.8
157568.0,1405.0,87,16.149425287356323,84.0,0.0,0.0,70.6,5.0,65,2,2810.0,7.2485040723706105,0.0597864768683274,0.05747126436781609,70.6
294496.0,186.0,7,26.571428571428573,14.0,0.0,0.0,80.6,5.0,65,1,372.0,5.231108616854587,0.07526881720430108,0.7142857142857143,80.6
2470694.0,2356.0,116,20.310344827586206,71.0,0.0,0.0,67.0,2.0,40,2,4712.0,7.7651449029361315,0.030135823429541596,0.017241379310344827,67.0
406671.0,61.0,3,20.333333333333332,7.0,0.0,0.0,79.6,5.0,65,1,122.0,4.127134385045092,0.11475409836065574,1.6666666666666667,79.6
294570.0,1775.0,119,14.915966386554622,35.0,0.0,0.0,78.2,5.0,65,2,3550.0,7.4821189235521155,0.01971830985915493,0.04201680672268908,78.2
2171627.0,1346.0,73,18.438356164383563,21.0,0.0,0.0,69.0,5.0,65,2,2692.0,7.205635176410364,0.015601783060921248,0.0684931506849315,69.0
354858.0,198.0,7,28.285714285714285,6.0,0.0,0.0,0.0,0.0,30,1,396.0,5.293304824724492,0.030303030303030304,0.0,0.0
494424.0,58.0,2,29.0,1.0,0.0,0.0,0.0,0.0,40,1,116.0,4.07753744390572,0.017241379310344827,0.0,0.0
2522927.0,1018.0,22,46.27272727272727,29.0,0.0,0.0,68.4,5.0,65,1,2036.0,6.926577033222725,0.02848722986247544,0.22727272727272727,68.4
396872.0,996.0,70,14.228571428571428,21.0,0.0,0.0,61.4,5.0,65,1,1992.0,6.904750769961838,0.02108433734939759,0.07142857142857142,61.4
307866.0,1476.0,76,19.42105263157895,28.0,0.0,0.0,60.0,4.0,65,2,2952.0,7.29776828253138,0.018970189701897018,0.05263157894736842,60.0
333059.0,301.0,31,9.709677419354838,13.0,0.0,0.0,65.8,5.0,65,1,602.0,5.71042701737487,0.04318936877076412,0.16129032258064516,65.8
409703.0,211.0,9,23.444444444444443,4.0,0.0,0.0,63.8,5.0,65,1,422.0,5.356586274672012,0.018957345971563982,0.5555555555555556,63.8
424577.0,435.0,12,36.25,5.0,0.0,0.0,59.4,5.0,65,1,870.0,6.077642243349034,0.011494252873563218,0.4166666666666667,59.4
290164.0,438.0,11,39.81818181818182,40.0,0.0,0.0,66.0,5.0,65,1,876.0,6.0844994130751715,0.091324200913242,0.45454545454545453,66.0
2606802.0,1.0,1,1.0,0.0,0.0,0.0,29.0,1.0,40,1,2.0,0.6931471805599453,0.0,1.0,29.0
2330254.0,515.0,16,32.1875,4.0,0.0,0.0,69.8,5.0,65,1,1030.0,6.246106765481563,0.007766990291262136,0.3125,69.8
968578.0,870.0,66,13.181818181818182,9.0,0.0,0.0,72.0,5.0,65,2,1740.0,6.769641976852503,0.010344827586206896,0.07575757575757576,72.0
388147.0,34.0,3,11.333333333333334,1.0,0.0,0.0,40.0,2.0,40,1,68.0,3.5553480614894135,0.029411764705882353,0.6666666666666666,40.0
1640609.0,5061.0,227,22.295154185022028,83.0,0.0,0.0,85.0,5.0,65,0,10122.0,8.529516941105069,0.016399920964236318,0.022026431718061675,85.0
2678643.0,2287.0,105,21.78095238095238,152.0,0.0,0.0,71.4,5.0,65,2,4574.0,7.7354333524996886,0.0664626147791867,0.047619047619047616,71.4
2574583.0,1890.0,129,14.651162790697674,20.0,0.0,0.0,70.8,5.0,65,2,3780.0,7.544861068658458,0.010582010582010581,0.03875968992248062,70.8
2540168.0,256.0,9,28.444444444444443,16.0,0.0,0.0,43.333333333333336,3.0,30,1,512.0,5.54907608489522,0.0625,0.3333333333333333,43.333333333333336
2432796.0,45.0,3,15.0,3.0,0.0,0.0,63.4,5.0,65,1,90.0,3.828641396489095,0.06666666666666667,1.6666666666666667,63.4
2411661.0,574.0,23,24.956521739130434,23.0,0.0,0.0,46.8,5.0,40,1,1148.0,6.354370040797351,0.04006968641114982,0.21739130434782608,46.8
2139353.0,1269.0,85,14.929411764705883,152.0,0.0,0.0,66.5,8.0,65,2,2538.0,7.146772179452637,0.11977935382190702,0.09411764705882353,66.5
2273119.0,20.0,1,20.0,1.0,0.0,0.0,38.333333333333336,3.0,30,1,40.0,3.044522437723423,0.05,3.0,38.333333333333336
135400.0,341.0,26,13.115384615384615,16.0,0.0,0.0,53.142857142857146,7.0,65,1,682.0,5.834810737062605,0.0469208211143695,0.2692307692307692,53.142857142857146
298034.0,58.0,2,29.0,5.0,0.0,0.0,72.8,5.0,40,1,116.0,4.07753744390572,0.08620689655172414,2.5,72.8
228222.0,445.0,38,11.710526315789474,32.0,0.0,0.0,61.8,5.0,65,1,890.0,6.100318952020064,0.07191011235955057,0.13157894736842105,61.8
1847830.0,6518.0,238,27.386554621848738,86.0,0.0,0.0,71.0,5.0,65,0,13036.0,8.782476268924539,0.013194231359312672,0.02100840336134454,71.0
77367.0,680.0,86,7.906976744186046,35.0,0.0,0.0,70.4,5.0,65,2,1360.0,6.523562306149512,0.051470588235294115,0.05813953488372093,70.4
2012966.0,519.0,39,13.307692307692308,20.0,0.0,0.0,78.4,5.0,65,1,1038.0,6.253828811575473,0.038535645472061654,0.1282051282051282,78.4
237274.0,139.0,10,13.9,9.0,0.0,0.0,72.4,5.0,65,1,278.0,4.941642422609304,0.06474820143884892,0.5,72.4
2436812.0,41.0,5,8.2,2.0,0.0,0.0,43.0,2.0,40,1,82.0,3.7376696182833684,0.04878048780487805,0.4,43.0
2411778.0,1497.0,42,35.642857142857146,7.0,0.0,0.0,80.0,2.0,30,2,2994.0,7.311886164077165,0.004676018704074816,0.047619047619047616,80.0
2596621.0,789.0,21,37.57142857142857,18.0,92.0,7.0,79.5,10.0,85,2,1578.0,6.672032945461067,0.022813688212927757,0.47619047619047616,-12.5
145130.0,452.0,35,12.914285714285715,10.0,0.0,0.0,54.4,5.0,65,1,904.0,6.115892125483034,0.022123893805309734,0.14285714285714285,54.4
2158048.0,227.0,3,75.66666666666667,9.0,0.0,0.0,86.0,1.0,30,1,454.0,5.429345628954441,0.039647577092511016,0.3333333333333333,86.0
296332.0,2152.0,124,17.35483870967742,32.0,0.0,0.0,86.8,5.0,85,2,4304.0,7.674617497364363,0.01486988847583643,0.04032258064516129,86.8
2244332.0,976.0,22,44.36363636363637,30.0,0.0,0.0,85.2,5.0,85,1,1952.0,6.884486652042782,0.030737704918032786,0.22727272727272727,85.2
696073.0,207.0,9,23.0,4.0,0.0,0.0,73.2,5.0,65,1,414.0,5.337538079701318,0.01932367149758454,0.5555555555555556,73.2
2104505.0,701.0,53,13.226415094339623,34.0,0.0,0.0,65.6,5.0,65,1,1402.0,6.553933404025811,0.04850213980028531,0.09433962264150944,65.6
2486127.0,1690.0,99,17.07070707070707,18.0,0.0,0.0,73.6,5.0,65,2,3380.0,7.43307534889858,0.010650887573964497,0.050505050505050504,73.6
277123.0,81.0,3,27.0,3.0,0.0,0.0,46.0,5.0,40,1,162.0,4.406719247264253,0.037037037037037035,1.6666666666666667,46.0
442064.0,7.0,2,3.5,0.0,0.0,0.0,53.0,5.0,65,1,14.0,2.0794415416798357,0.0,2.5,53.0
447481.0,27.0,3,9.0,0.0,0.0,0.0,52.4,5.0,65,1,54.0,3.332204510175204,0.0,1.6666666666666667,52.4
2412002.0,3344.0,202,16.554455445544555,78.0,0.0,0.0,82.8,5.0,85,0,6688.0,8.11522197256233,0.02332535885167464,0.024752475247524754,82.8
286488.0,1046.0,68,15.382352941176471,30.0,0.0,0.0,71.0,5.0,65,2,2092.0,6.953684210870537,0.028680688336520075,0.07352941176470588,71.0
28061.0,349.0,17,20.529411764705884,24.0,0.0,0.0,77.6,5.0,65,1,698.0,5.857933154483459,0.06876790830945559,0.29411764705882354,77.6
2521865.0,319.0,6,53.166666666666664,14.0,0.0,0.0,63.8,5.0,65,1,638.0,5.768320995793772,0.0438871473354232,0.8333333333333334,63.8
2073016.0,861.0,62,13.887096774193548,77.0,0.0,0.0,58.857142857142854,7.0,30,1,1722.0,6.759255270663693,0.08943089430894309,0.11290322580645161,58.857142857142854
147756.0,662.0,75,8.826666666666666,17.0,0.0,0.0,68.66666666666667,9.0,40,2,1324.0,6.4967749901858625,0.0256797583081571,0.12,68.66666666666667
2240349.0,363.0,12,30.25,16.0,0.0,0.0,76.8,5.0,65,1,726.0,5.8971538676367405,0.0440771349862259,0.4166666666666667,76.8
484897.0,72.0,8,9.0,2.0,0.0,0.0,64.8,5.0,65,1,144.0,4.290459441148391,0.027777777777777776,0.625,64.8
1620151.0,998.0,44,22.681818181818183,14.0,0.0,0.0,77.5,2.0,40,1,1996.0,6.906754778648554,0.014028056112224449,0.045454545454545456,77.5
101116.0,158.0,12,13.166666666666666,4.0,0.0,0.0,82.6,5.0,65,1,316.0,5.0689042022202315,0.02531645569620253,0.4166666666666667,82.6
74372.0,116.0,14,8.285714285714286,3.0,0.0,0.0,48.5,4.0,40,1,232.0,4.762173934797756,0.02586206896551724,0.2857142857142857,48.5
268733.0,188.0,18,10.444444444444445,2.0,0.0,0.0,43.0,2.0,40,1,376.0,5.241747015059643,0.010638297872340425,0.1111111111111111,43.0
181316.0,487.0,20,24.35,11.0,0.0,0.0,76.0,1.0,30,1,974.0,6.1903154058531475,0.022587268993839837,0.05,76.0
65002.0,171.0,11,15.545454545454545,3.0,0.0,0.0,67.0,4.0,30,1,342.0,5.147494476813453,0.017543859649122806,0.36363636363636365,67.0
2498700.0,2864.0,150,19.093333333333334,104.0,0.0,0.0,77.2,5.0,65,2,5728.0,7.96032362914884,0.036312849162011177,0.03333333333333333,77.2
293699.0,187.0,28,6.678571428571429,14.0,0.0,0.0,46.75,4.0,65,1,374.0,5.236441962829949,0.0748663101604278,0.14285714285714285,46.75
1414443.0,1907.0,43,44.348837209302324,114.0,0.0,0.0,59.0,2.0,40,1,3814.0,7.553810852008231,0.05977975878342947,0.046511627906976744,59.0
411971.0,54.0,4,13.5,0.0,0.0,0.0,73.2,5.0,65,1,108.0,4.007333185232471,0.0,1.25,73.2
335764.0,2594.0,117,22.17094017094017,61.0,0.0,0.0,86.875,8.0,30,2,5188.0,7.861341795599989,0.023515805705474173,0.06837606837606838,86.875
518808.0,3.0,1,3.0,0.0,0.0,0.0,73.8,5.0,65,1,6.0,1.3862943611198906,0.0,5.0,73.8
441888.0,739.0,43,17.186046511627907,27.0,0.0,0.0,70.6,5.0,65,1,1478.0,6.606650186198215,0.036535859269282815,0.11627906976744186,70.6
2358056.0,1588.0,123,12.910569105691057,103.0,0.0,0.0,67.8,5.0,40,2,3176.0,7.370860166536716,0.06486146095717885,0.04065040650406504,67.8
1518989.0,4202.0,133,31.593984962406015,97.0,0.0,0.0,73.0,5.0,65,2,8404.0,8.343553835005117,0.0230842455973346,0.03759398496240601,73.0
184271.0,1312.0,147,8.92517006802721,20.0,0.0,0.0,59.8,5.0,65,2,2624.0,7.180069874302796,0.01524390243902439,0.034013605442176874,59.8
114999.0,1358.0,120,11.316666666666666,59.0,0.0,0.0,72.8,5.0,65,2,2716.0,7.214504414151143,0.04344624447717231,0.041666666666666664,72.8
958987.0,1216.0,102,11.92156862745098,59.0,0.0,0.0,77.2,5.0,65,2,2432.0,7.104144092987527,0.04851973684210526,0.049019607843137254,77.2
175392.0,4447.0,197,22.573604060913706,197.0,0.0,0.0,82.4,5.0,65,0,8894.0,8.400209835930418,0.04429952777153137,0.025380710659898477,82.4
2649826.0,5974.0,211,28.312796208530806,210.0,0.0,0.0,83.4,5.0,85,0,11948.0,8.695339376799712,0.03515232674924674,0.023696682464454975,83.4
1801229.0,1443.0,86,16.77906976744186,46.0,0.0,0.0,76.8,5.0,65,2,2886.0,7.275172319452771,0.03187803187803188,0.05813953488372093,76.8
116692.0,1108.0,98,11.306122448979592,57.0,0.0,0.0,74.2,5.0,65,2,2216.0,7.011213987350367,0.05144404332129964,0.05102040816326531,74.2
52130.0,1894.0,122,15.524590163934427,147.0,0.0,0.0,71.4,5.0,65,2,3788.0,7.546974117516527,0.07761351636747624,0.040983606557377046,71.4
227517.0,1205.0,69,17.463768115942027,27.0,0.0,0.0,62.6,5.0,40,2,2410.0,7.095064377287131,0.022406639004149378,0.07246376811594203,62.6
87431.0,16.0,2,8.0,0.0,0.0,0.0,50.0,3.0,30,1,32.0,2.833213344056216,0.0,1.5,50.0
1465690.0,3460.0,165,20.96969696969697,117.0,0.0,0.0,81.8,5.0,65,2,6920.0,8.149312843635345,0.0338150289017341,0.030303030303030304,81.8
414117.0,807.0,105,7.685714285714286,17.0,0.0,0.0,76.4,5.0,65,2,1614.0,6.694562058521095,0.021065675340768277,0.047619047619047616,76.4
258587.0,969.0,17,57.0,51.0,0.0,0.0,80.6,5.0,85,1,1938.0,6.877296071497429,0.05263157894736842,0.29411764705882354,80.6
285315.0,17.0,3,5.666666666666667,0.0,0.0,0.0,86.2,5.0,65,1,34.0,2.8903717578961645,0.0,1.6666666666666667,86.2
106247.0,465.0,33,14.090909090909092,19.0,0.0,0.0,60.0,3.0,30,1,930.0,6.144185634125646,0.04086021505376344,0.09090909090909091,60.0
382095.0,141.0,4,35.25,4.0,0.0,0.0,76.6,5.0,65,1,282.0,4.955827057601261,0.028368794326241134,1.25,76.6
341876.0,454.0,18,25.22222222222222,54.0,0.0,0.0,68.5,2.0,30,1,908.0,6.12029741895095,0.11894273127753303,0.1111111111111111,68.5
305152.0,146.0,11,13.272727272727273,1.0,0.0,0.0,64.0,1.0,40,1,292.0,4.990432586778736,0.00684931506849315,0.09090909090909091,64.0
696578.0,669.0,11,60.81818181818182,93.0,0.0,0.0,78.33333333333333,3.0,30,1,1338.0,6.507277712385012,0.13901345291479822,0.2727272727272727,78.33333333333333
648130.0,86.0,6,14.333333333333334,2.0,0.0,0.0,53.0,5.0,30,1,172.0,4.465908118654584,0.023255813953488372,0.8333333333333334,53.0
2694424.0,4218.0,206,20.475728155339805,126.0,0.0,0.0,79.4,5.0,65,0,8436.0,8.347353412124338,0.029871977240398292,0.024271844660194174,79.4
319047.0,6589.0,232,28.400862068965516,213.0,0.0,0.0,78.4,5.0,65,0,13178.0,8.793308627496552,0.03232660494764,0.021551724137931036,78.4
271251.0,3348.0,128,26.15625,308.0,0.0,0.0,76.4,5.0,65,2,6696.0,8.116417072794205,0.09199522102747909,0.0390625,76.4
229179.0,614.0,50,12.28,26.0,0.0,0.0,66.0,5.0,65,1,1228.0,6.421622267806518,0.04234527687296417,0.1,66.0
2139353.0,1269.0,85,14.929411764705883,152.0,0.0,0.0,66.5,8.0,30,2,2538.0,7.146772179452637,0.11977935382190702,0.09411764705882353,66.5
470588.0,429.0,17,25.235294117647058,9.0,0.0,0.0,79.33333333333333,3.0,30,1,858.0,6.063785208687608,0.02097902097902098,0.17647058823529413,79.33333333333333
998493.0,1147.0,22,52.13636363636363,26.0,0.0,0.0,68.8,5.0,65,1,2294.0,7.045776576879511,0.022667829119442023,0.22727272727272727,68.8
151358.0,270.0,20,13.5,11.0,0.0,0.0,50.0,5.0,65,1,540.0,5.602118820879701,0.040740740740740744,0.25,50.0
2164705.0,231.0,11,21.0,6.0,0.0,0.0,70.0,1.0,40,1,462.0,5.44673737166631,0.025974025974025976,0.09090909090909091,70.0
440319.0,104.0,4,26.0,16.0,0.0,0.0,69.33333333333333,3.0,30,1,208.0,4.653960350157523,0.15384615384615385,0.75,69.33333333333333
11391.0,934.0,40,23.35,18.0,0.0,0.0,82.0,5.0,65,1,1868.0,6.840546529288687,0.019271948608137045,0.125,82.0
2584873.0,51.0,7,7.285714285714286,0.0,0.0,0.0,64.0,5.0,65,1,102.0,3.9512437185814275,0.0,0.7142857142857143,64.0
2153153.0,3385.0,110,30.772727272727273,37.0,0.0,0.0,62.2,5.0,65,2,6770.0,8.12740456269308,0.010930576070901034,0.045454545454545456,62.2
133922.0,59.0,6,9.833333333333334,2.0,0.0,0.0,78.2,5.0,65,1,118.0,4.0943445622221,0.03389830508474576,0.8333333333333334,78.2
275792.0,49.0,7,7.0,4.0,0.0,0.0,73.0,5.0,65,1,98.0,3.912023005428146,0.08163265306122448,0.7142857142857143,73.0
75255.0,65.0,4,16.25,3.0,0.0,0.0,81.8,5.0,65,1,130.0,4.189654742026425,0.046153846153846156,1.25,81.8
1686551.0,151.0,18,8.38888888888889,6.0,0.0,0.0,80.0,1.0,30,1,302.0,5.0238805208462765,0.039735099337748346,0.05555555555555555,80.0
550383.0,910.0,66,13.787878787878787,8.0,0.0,0.0,72.0,5.0,65,2,1820.0,6.814542897259958,0.008791208791208791,0.07575757575757576,72.0
642878.0,94.0,5,18.8,2.0,0.0,0.0,44.0,2.0,30,1,188.0,4.553876891600541,0.02127659574468085,0.4,44.0
402204.0,107.0,4,26.75,3.0,0.0,0.0,70.4,5.0,65,1,214.0,4.68213122712422,0.028037383177570093,1.25,70.4
141377.0,144.0,10,14.4,4.0,0.0,0.0,48.833333333333336,6.0,65,1,288.0,4.976733742420574,0.027777777777777776,0.6,48.833333333333336
383254.0,543.0,91,5.967032967032967,41.0,0.0,0.0,75.6,5.0,65,2,1086.0,6.298949246855942,0.07550644567219153,0.054945054945054944,75.6
2158196.0,78.0,4,19.5,12.0,0.0,0.0,58.0,2.0,30,1,156.0,4.3694478524670215,0.15384615384615385,0.5,58.0
387533.0,395.0,17,23.235294117647058,20.0,0.0,0.0,55.0,2.0,40,1,790.0,5.981414211254481,0.05063291139240506,0.11764705882352941,55.0
296424.0,368.0,20,18.4,4.0,0.0,0.0,77.2,5.0,65,1,736.0,5.910796644040527,0.010869565217391304,0.25,77.2
46844.0,17.0,4,4.25,0.0,0.0,0.0,64.8,5.0,65,1,34.0,2.8903717578961645,0.0,1.25,64.8
353665.0,38.0,6,6.333333333333333,0.0,0.0,0.0,64.6,5.0,65,1,76.0,3.6635616461296463,0.0,0.8333333333333334,64.6
2375975.0,679.0,12,56.583333333333336,54.0,0.0,0.0,71.4,5.0,65,1,1358.0,6.522092798170152,0.07952871870397643,0.4166666666666667,71.4
431025.0,32.0,2,16.0,0.0,0.0,0.0,55.2,5.0,40,1,64.0,3.4965075614664802,0.0,2.5,55.2
324084.0,1961.0,110,17.827272727272728,13.0,0.0,0.0,57.6,5.0,65,2,3922.0,7.581719640125308,0.006629270780214177,0.045454545454545456,57.6
235507.0,314.0,30,10.466666666666667,26.0,0.0,0.0,57.833333333333336,6.0,30,1,628.0,5.752572638825633,0.08280254777070063,0.2,57.833333333333336
2690062.0,10.0,1,10.0,0.0,0.0,0.0,58.0,1.0,30,1,20.0,2.3978952727983707,0.0,1.0,58.0
2536991.0,1080.0,95,11.368421052631579,73.0,0.0,0.0,80.8,5.0,85,2,2160.0,6.985641817639208,0.06759259259259259,0.05263157894736842,80.8
1352868.0,668.0,38,17.57894736842105,5.0,0.0,0.0,68.57142857142857,7.0,30,1,1336.0,6.505784060128229,0.0074850299401197605,0.18421052631578946,68.57142857142857
2664024.0,808.0,72,11.222222222222221,31.0,0.0,0.0,63.2,5.0,65,1,1616.0,6.695798917058491,0.038366336633663366,0.06944444444444445,63.2
1629771.0,21.0,3,7.0,0.0,0.0,0.0,80.2,5.0,85,1,42.0,3.091042453358316,0.0,1.6666666666666667,80.2
298696.0,514.0,58,8.862068965517242,48.0,0.0,0.0,80.8,5.0,65,1,1028.0,6.244166900663736,0.0933852140077821,0.08620689655172414,80.8
2165164.0,179.0,14,12.785714285714286,8.0,0.0,0.0,63.2,5.0,65,1,358.0,5.19295685089021,0.0446927374301676,0.35714285714285715,63.2
2155014.0,1454.0,56,25.964285714285715,40.0,0.0,0.0,73.8,5.0,65,2,2908.0,7.282761179605593,0.027510316368638238,0.08928571428571429,73.8
260355.0,426.0,43,9.906976744186046,6.0,0.0,0.0,57.5,2.0,30,1,852.0,6.056784013228625,0.014084507042253521,0.046511627906976744,57.5
978739.0,5988.0,176,34.02272727272727,252.0,0.0,0.0,56.6,5.0,65,0,11976.0,8.697679732264463,0.04208416833667335,0.028409090909090908,56.6
2606098.0,491.0,48,10.229166666666666,25.0,0.0,0.0,71.4,5.0,65,1,982.0,6.198478716492308,0.05091649694501019,0.10416666666666667,71.4
1715896.0,701.0,21,33.38095238095238,25.0,0.0,0.0,78.0,5.0,65,1,1402.0,6.553933404025811,0.03566333808844508,0.23809523809523808,78.0
111512.0,256.0,11,23.272727272727273,13.0,0.0,0.0,0.0,0.0,40,1,512.0,5.54907608489522,0.05078125,0.0,0.0
971027.0,3098.0,158,19.60759493670886,125.0,0.0,0.0,68.0,5.0,65,2,6196.0,8.038834757787749,0.040348612007746934,0.03164556962025317,68.0
2149225.0,319.0,8,39.875,22.0,0.0,0.0,0.0,0.0,30,1,638.0,5.768320995793772,0.06896551724137931,0.0,0.0
305386.0,1277.0,85,15.023529411764706,20.0,0.0,0.0,78.0,5.0,65,2,2554.0,7.15305163493748,0.015661707126076743,0.058823529411764705,78.0
58873.0,1732.0,120,14.433333333333334,84.0,0.0,0.0,73.2,5.0,65,2,3464.0,7.457609289715606,0.04849884526558892,0.041666666666666664,73.2
350939.0,64.0,7,9.142857142857142,1.0,0.0,0.0,69.6,5.0,65,1,128.0,4.174387269895637,0.015625,0.7142857142857143,69.6
684180.0,48.0,3,16.0,7.0,0.0,0.0,62.6,5.0,65,1,96.0,3.8918202981106265,0.14583333333333334,1.6666666666666667,62.6
228383.0,63.0,3,21.0,12.0,0.0,0.0,70.6,5.0,65,1,126.0,4.1588830833596715,0.19047619047619047,1.6666666666666667,70.6
329659.0,80.0,5,16.0,6.0,0.0,0.0,49.8,5.0,40,1,160.0,4.394449154672439,0.075,1.0,49.8
260623.0,76.0,5,15.2,2.0,0.0,0.0,70.2,5.0,65,1,152.0,4.343805421853684,0.02631578947368421,1.0,70.2
429858.0,6.0,1,6.0,0.0,0.0,0.0,83.0,5.0,85,1,12.0,1.9459101490553132,0.0,5.0,83.0
500113.0,10.0,1,10.0,0.0,0.0,0.0,75.4,5.0,65,1,20.0,2.3978952727983707,0.0,5.0,75.4
1456619.0,578.0,30,19.266666666666666,20.0,0.0,0.0,63.0,1.0,30,1,1156.0,6.361302477572996,0.03460207612456748,0.03333333333333333,63.0
386924.0,164.0,31,5.290322580645161,14.0,0.0,0.0,67.8,5.0,65,1,328.0,5.10594547390058,0.08536585365853659,0.16129032258064516,67.8
346843.0,164.0,8,20.5,3.0,0.0,0.0,0.0,0.0,40,1,328.0,5.10594547390058,0.018292682926829267,0.0,0.0
2569324.0,49.0,4,12.25,0.0,0.0,0.0,71.2,5.0,30,1,98.0,3.912023005428146,0.0,1.25,71.2
175772.0,1407.0,22,63.95454545454545,20.0,0.0,0.0,85.0,1.0,30,1,2814.0,7.249925536717988,0.014214641080312722,0.045454545454545456,85.0
2574528.0,988.0,81,12.197530864197532,50.0,0.0,0.0,75.4,5.0,65,2,1976.0,6.8966943316227125,0.05060728744939271,0.06172839506172839,75.4
147756.0,662.0,75,8.826666666666666,17.0,0.0,0.0,68.66666666666667,9.0,65,2,1324.0,6.4967749901858625,0.0256797583081571,0.12,68.66666666666667
405088.0,1388.0,87,15.954022988505747,59.0,0.0,0.0,77.2,5.0,65,2,2776.0,7.236339342754344,0.04250720461095101,0.05747126436781609,77.2
137873.0,5528.0,192,28.791666666666668,91.0,0.0,0.0,80.2,5.0,65,0,11056.0,8.617762246337932,0.0164616497829233,0.026041666666666668,80.2
677281.0,40.0,3,13.333333333333334,2.0,0.0,0.0,0.0,0.0,40,1,80.0,3.713572066704308,0.05,0.0,0.0
373872.0,121.0,2,60.5,1.0,0.0,0.0,65.6,5.0,65,1,242.0,4.804021044733257,0.008264462809917356,2.5,65.6
281636.0,394.0,17,23.176470588235293,21.0,0.0,0.0,83.0,5.0,65,1,788.0,5.978885764901122,0.0532994923857868,0.29411764705882354,83.0
749412.0,4007.0,187,21.427807486631018,92.0,0.0,0.0,72.0,5.0,65,0,8014.0,8.2960476427647,0.02295982031444971,0.026737967914438502,72.0
168936.0,745.0,42,17.738095238095237,26.0,0.0,0.0,66.4,5.0,65,1,1490.0,6.61472560020376,0.0348993288590604,0.11904761904761904,66.4
2434159.0,32.0,3,10.666666666666666,2.0,0.0,0.0,54.0,5.0,65,1,64.0,3.4965075614664802,0.0625,1.6666666666666667,54.0
58316.0,146.0,12,12.166666666666666,12.0,0.0,0.0,73.4,5.0,65,1,292.0,4.990432586778736,0.0821917808219178,0.4166666666666667,73.4
2650282.0,641.0,56,11.446428571428571,62.0,0.0,0.0,84.2,5.0,65,2,1282.0,6.464588303689961,0.0967238689547582,0.08928571428571429,84.2
127582.0,1321.0,89,14.842696629213483,43.0,0.0,0.0,69.6,5.0,65,2,2642.0,7.186901020411631,0.03255109765329296,0.056179775280898875,69.6
151587.0,32.0,6,5.333333333333333,0.0,0.0,0.0,67.0,3.0,30,1,64.0,3.4965075614664802,0.0,0.5,67.0
321942.0,10083.0,239,42.18828451882845,240.0,0.0,0.0,80.4,5.0,65,0,20166.0,9.21870528830781,0.023802439750074383,0.02092050209205021,80.4
580389.0,1271.0,50,25.42,13.0,0.0,0.0,71.4,5.0,65,1,2542.0,7.148345743900068,0.010228166797797011,0.1,71.4
148993.0,1955.0,110,17.772727272727273,23.0,0.0,0.0,79.5,8.0,65,2,3910.0,7.578656850594762,0.011764705882352941,0.07272727272727272,79.5
